date,product_sku,quantity,revenue,channel,region,invoice_no,customer_id,season
09/01/2024,PIST-BAJ-100,44,25520,online,sylhet,INV-2024-0001,CUST-0006,winter
18/01/2024,PIST-BAJ-100,15,8700,retail,chittagong,INV-2024-0002,CUST-0006,winter
12/01/2024,PIST-BAJ-150,13,10660,wholesale,dhaka,INV-2024-0003,CUST-0001,winter
21/01/2024,PIST-BAJ-150,16,13120,retail,rajshahi,INV-2024-0004,CUST-0028,winter
08/01/2024,PIST-HERO-100,14,7140,wholesale,khulna,INV-2024-0005,CUST-0003,winter
13/01/2024,PIST-HERO-100,50,25500,wholesale,rajshahi,INV-2024-0006,CUST-0025,winter
23/01/2024,PIST-HERO-100,7,3570,retail,dhaka,INV-2024-0007,CUST-0041,winter
06/01/2024,PIST-HONDA-125,17,10880,retail,dhaka,INV-2024-0008,CUST-0024,winter
10/01/2024,PIST-HONDA-125,20,12800,retail,dhaka,INV-2024-0009,CUST-0043,winter
17/01/2024,PIST-HONDA-125,1,640,online,dhaka,INV-2024-0010,CUST-0042,winter
22/01/2024,PIST-HONDA-125,7,4480,wholesale,dhaka,INV-2024-0011,CUST-0035,winter
09/01/2024,GASK-BAJ-100,26,6240,wholesale,khulna,INV-2024-0012,CUST-0015,winter
14/01/2024,GASK-BAJ-100,15,3600,wholesale,khulna,INV-2024-0013,CUST-0026,winter
23/01/2024,GASK-BAJ-100,53,12720,retail,dhaka,INV-2024-0014,CUST-0037,winter
06/01/2024,GASK-UNIV-125,7,2030,wholesale,chittagong,INV-2024-0015,CUST-0028,winter
11/01/2024,GASK-UNIV-125,15,4350,retail,barishal,INV-2024-0016,CUST-0015,winter
17/01/2024,GASK-UNIV-125,28,8120,retail,mymensingh,INV-2024-0017,CUST-0032,winter
26/01/2024,GASK-UNIV-125,20,5800,retail,dhaka,INV-2024-0018,CUST-0008,winter
08/01/2024,CHAIN-428H,14,4900,online,chittagong,INV-2024-0019,CUST-0001,winter
17/01/2024,CHAIN-428H,7,2450,retail,sylhet,INV-2024-0020,CUST-0035,winter
24/01/2024,CHAIN-428H,1,350,wholesale,rajshahi,INV-2024-0021,CUST-0022,winter
04/01/2024,CHAIN-420,2,460,retail,sylhet,INV-2024-0022,CUST-0049,winter
12/01/2024,CHAIN-420,1,230,online,dhaka,INV-2024-0023,CUST-0034,winter
13/01/2024,CHAIN-420,9,2070,wholesale,barishal,INV-2024-0024,CUST-0032,winter
20/01/2024,CHAIN-420,9,2070,online,dhaka,INV-2024-0025,CUST-0020,winter
27/01/2024,CHAIN-420,12,2760,retail,dhaka,INV-2024-0026,CUST-0037,winter
12/01/2024,FILT-OIL-100,80,7600,retail,dhaka,INV-2024-0027,CUST-0036,winter
19/01/2024,FILT-OIL-100,90,8550,wholesale,dhaka,INV-2024-0028,CUST-0039,winter
07/01/2024,FILT-OIL-125,43,4730,wholesale,chittagong,INV-2024-0029,CUST-0008,winter
16/01/2024,FILT-OIL-125,35,3850,retail,dhaka,INV-2024-0030,CUST-0002,winter
23/01/2024,FILT-OIL-125,32,3520,retail,chittagong,INV-2024-0031,CUST-0015,winter
10/01/2024,FILT-AIR-100,22,1804,retail,chittagong,INV-2024-0032,CUST-0032,winter
18/01/2024,FILT-AIR-100,85,6970,retail,dhaka,INV-2024-0033,CUST-0037,winter
05/01/2024,FILT-AIR-125,45,4050,retail,chittagong,INV-2024-0034,CUST-0047,winter
16/01/2024,FILT-AIR-125,46,4140,wholesale,dhaka,INV-2024-0035,CUST-0042,winter
23/01/2024,FILT-AIR-125,11,990,retail,dhaka,INV-2024-0036,CUST-0022,winter
11/01/2024,BRKE-PAD-DISC,31,5425,retail,chittagong,INV-2024-0037,CUST-0016,winter
19/01/2024,BRKE-PAD-DISC,24,4200,retail,khulna,INV-2024-0038,CUST-0036,winter
09/01/2024,BRKE-PAD-DRUM,31,4185,retail,chittagong,INV-2024-0039,CUST-0026,winter
19/01/2024,BRKE-PAD-DRUM,29,3915,retail,barishal,INV-2024-0040,CUST-0001,winter
08/01/2024,TIRE-100-18,6,6600,online,dhaka,INV-2024-0041,CUST-0038,winter
13/01/2024,TIRE-100-18,5,5500,retail,rajshahi,INV-2024-0042,CUST-0021,winter
17/01/2024,TIRE-100-18,2,2200,wholesale,dhaka,INV-2024-0043,CUST-0033,winter
23/01/2024,TIRE-100-18,4,4400,wholesale,barishal,INV-2024-0044,CUST-0004,winter
08/01/2024,TIRE-100-17,19,18620,online,chittagong,INV-2024-0045,CUST-0037,winter
19/01/2024,TIRE-100-17,2,1960,wholesale,dhaka,INV-2024-0046,CUST-0040,winter
07/01/2024,TIRE-125-18,4,5400,wholesale,dhaka,INV-2024-0047,CUST-0005,winter
11/01/2024,TIRE-125-18,1,1350,wholesale,dhaka,INV-2024-0048,CUST-0037,winter
18/01/2024,TIRE-125-18,3,4050,retail,mymensingh,INV-2024-0049,CUST-0014,winter
25/01/2024,TIRE-125-18,1,1350,retail,chittagong,INV-2024-0050,CUST-0023,winter
07/01/2024,BATT-12V7A,7,10500,wholesale,dhaka,INV-2024-0051,CUST-0020,winter
17/01/2024,BATT-12V7A,3,4500,retail,rangpur,INV-2024-0052,CUST-0009,winter
25/01/2024,BATT-12V7A,15,22500,online,dhaka,INV-2024-0053,CUST-0048,winter
06/01/2024,BATT-12V9A,3,5250,wholesale,barishal,INV-2024-0054,CUST-0006,winter
14/01/2024,BATT-12V9A,2,3500,wholesale,sylhet,INV-2024-0055,CUST-0003,winter
19/01/2024,BATT-12V9A,3,5250,wholesale,dhaka,INV-2024-0056,CUST-0041,winter
24/01/2024,BATT-12V9A,7,12250,retail,mymensingh,INV-2024-0057,CUST-0029,winter
03/01/2024,SPRK-NGK-C4HSA,43,5590,retail,chittagong,INV-2024-0058,CUST-0024,winter
10/01/2024,SPRK-NGK-C4HSA,9,1170,wholesale,barishal,INV-2024-0059,CUST-0003,winter
17/01/2024,SPRK-NGK-C4HSA,73,9490,retail,barishal,INV-2024-0060,CUST-0016,winter
22/01/2024,SPRK-NGK-C4HSA,53,6890,retail,sylhet,INV-2024-0061,CUST-0036,winter
24/01/2024,SPRK-NGK-C4HSA,12,1560,retail,barishal,INV-2024-0062,CUST-0040,winter
08/01/2024,SPRK-NGK-BPR6ES,44,6380,retail,rajshahi,INV-2024-0063,CUST-0027,winter
13/01/2024,SPRK-NGK-BPR6ES,49,7105,online,khulna,INV-2024-0064,CUST-0016,winter
22/01/2024,SPRK-NGK-BPR6ES,41,5945,wholesale,dhaka,INV-2024-0065,CUST-0007,winter
11/01/2024,CABL-CLUTCH-100,33,4125,wholesale,dhaka,INV-2024-0066,CUST-0015,winter
20/01/2024,CABL-CLUTCH-100,9,1125,wholesale,dhaka,INV-2024-0067,CUST-0026,winter
12/01/2024,CABL-THROT-100,36,3888,wholesale,sylhet,INV-2024-0068,CUST-0022,winter
21/01/2024,CABL-THROT-100,11,1188,retail,rangpur,INV-2024-0069,CUST-0017,winter
07/01/2024,CABL-SPED-100,1,95,wholesale,dhaka,INV-2024-0070,CUST-0017,winter
14/01/2024,CABL-SPED-100,11,1045,retail,dhaka,INV-2024-0071,CUST-0034,winter
20/01/2024,CABL-SPED-100,6,570,wholesale,barishal,INV-2024-0072,CUST-0047,winter
22/01/2024,CABL-SPED-100,14,1330,wholesale,rangpur,INV-2024-0073,CUST-0013,winter
12/01/2024,BEAR-6201,110,8250,retail,sylhet,INV-2024-0074,CUST-0020,winter
20/01/2024,BEAR-6201,106,7950,wholesale,chittagong,INV-2024-0075,CUST-0021,winter
08/01/2024,BEAR-6202,56,4592,retail,chittagong,INV-2024-0076,CUST-0019,winter
14/01/2024,BEAR-6202,19,1558,wholesale,dhaka,INV-2024-0077,CUST-0039,winter
18/01/2024,BEAR-6202,68,5576,retail,sylhet,INV-2024-0078,CUST-0029,winter
25/01/2024,BEAR-6202,39,3198,wholesale,sylhet,INV-2024-0079,CUST-0048,winter
12/01/2024,BEAR-6301,34,3060,online,dhaka,INV-2024-0080,CUST-0016,winter
20/01/2024,BEAR-6301,79,7110,retail,sylhet,INV-2024-0081,CUST-0013,winter
08/01/2024,CLUT-PLATE-100,9,2250,wholesale,chittagong,INV-2024-0082,CUST-0013,winter
21/01/2024,CLUT-PLATE-100,16,4000,retail,rajshahi,INV-2024-0083,CUST-0026,winter
08/01/2024,CLUT-PLATE-125,9,2610,wholesale,dhaka,INV-2024-0084,CUST-0045,winter
21/01/2024,CLUT-PLATE-125,9,2610,retail,chittagong,INV-2024-0085,CUST-0016,winter
12/01/2024,ENGN-OIL-10W30,41,13120,online,chittagong,INV-2024-0086,CUST-0029,winter
22/01/2024,ENGN-OIL-10W30,72,23040,wholesale,sylhet,INV-2024-0087,CUST-0033,winter
05/01/2024,ENGN-OIL-20W40,25,8750,wholesale,chittagong,INV-2024-0088,CUST-0016,winter
12/01/2024,ENGN-OIL-20W40,21,7350,retail,dhaka,INV-2024-0089,CUST-0035,winter
16/01/2024,ENGN-OIL-20W40,13,4550,retail,dhaka,INV-2024-0090,CUST-0025,winter
19/01/2024,ENGN-OIL-20W40,7,2450,wholesale,sylhet,INV-2024-0091,CUST-0005,winter
25/01/2024,ENGN-OIL-20W40,7,2450,retail,chittagong,INV-2024-0092,CUST-0030,winter
05/01/2024,FORK-SEAL-100,13,1560,online,chittagong,INV-2024-0093,CUST-0020,winter
17/01/2024,FORK-SEAL-100,6,720,online,rajshahi,INV-2024-0094,CUST-0027,winter
24/01/2024,FORK-SEAL-100,11,1320,wholesale,chittagong,INV-2024-0095,CUST-0039,winter
06/01/2024,SHCK-REAR-100,1,780,online,chittagong,INV-2024-0096,CUST-0038,winter
09/01/2024,SHCK-REAR-100,3,2340,retail,chittagong,INV-2024-0097,CUST-0042,winter
16/01/2024,SHCK-REAR-100,1,780,online,chittagong,INV-2024-0098,CUST-0012,winter
19/01/2024,SHCK-REAR-100,2,1560,retail,dhaka,INV-2024-0099,CUST-0014,winter
27/01/2024,SHCK-REAR-100,4,3120,retail,chittagong,INV-2024-0100,CUST-0025,winter
04/01/2024,HEAD-LED-H4,2,1040,retail,dhaka,INV-2024-0101,CUST-0010,winter
08/01/2024,HEAD-LED-H4,1,520,retail,dhaka,INV-2024-0102,CUST-0008,winter
13/01/2024,HEAD-LED-H4,1,520,retail,chittagong,INV-2024-0103,CUST-0045,winter
18/01/2024,HEAD-LED-H4,5,2600,retail,dhaka,INV-2024-0104,CUST-0039,winter
24/01/2024,HEAD-LED-H4,8,4160,wholesale,sylhet,INV-2024-0105,CUST-0008,winter
09/01/2024,HEAD-HALO-H4,24,5760,retail,rangpur,INV-2024-0106,CUST-0038,winter
16/01/2024,HEAD-HALO-H4,2,480,wholesale,sylhet,INV-2024-0107,CUST-0007,winter
24/01/2024,HEAD-HALO-H4,1,240,retail,sylhet,INV-2024-0108,CUST-0044,winter
08/01/2024,TAIL-UNIV-A,23,4485,wholesale,chittagong,INV-2024-0109,CUST-0005,winter
20/01/2024,TAIL-UNIV-A,16,3120,retail,chittagong,INV-2024-0110,CUST-0027,winter
11/01/2024,MIRR-ROUND-10,45,3510,wholesale,chittagong,INV-2024-0111,CUST-0042,winter
19/01/2024,MIRR-ROUND-10,37,2886,wholesale,dhaka,INV-2024-0112,CUST-0035,winter
05/01/2024,HDLB-RAISED-22,3,870,retail,sylhet,INV-2024-0113,CUST-0002,winter
11/01/2024,HDLB-RAISED-22,4,1160,retail,chittagong,INV-2024-0114,CUST-0032,winter
14/01/2024,HDLB-RAISED-22,1,290,wholesale,dhaka,INV-2024-0115,CUST-0022,winter
21/01/2024,HDLB-RAISED-22,4,1160,wholesale,dhaka,INV-2024-0116,CUST-0018,winter
27/01/2024,HDLB-RAISED-22,4,1160,wholesale,chittagong,INV-2024-0117,CUST-0013,winter
03/01/2024,SEAT-COMM-100,2,700,retail,sylhet,INV-2024-0118,CUST-0038,winter
08/01/2024,SEAT-COMM-100,3,1050,wholesale,dhaka,INV-2024-0119,CUST-0023,winter
15/01/2024,SEAT-COMM-100,2,700,wholesale,chittagong,INV-2024-0120,CUST-0022,winter
19/01/2024,SEAT-COMM-100,2,700,retail,dhaka,INV-2024-0121,CUST-0020,winter
26/01/2024,SEAT-COMM-100,2,700,retail,dhaka,INV-2024-0122,CUST-0013,winter
09/01/2024,TANK-FUEL-10L,1,1550,retail,dhaka,INV-2024-0123,CUST-0013,winter
17/01/2024,TANK-FUEL-10L,3,4650,retail,dhaka,INV-2024-0124,CUST-0020,winter
25/01/2024,TANK-FUEL-10L,1,1550,wholesale,dhaka,INV-2024-0125,CUST-0018,winter
09/01/2024,EXHS-BAJ-100,4,2880,retail,dhaka,INV-2024-0126,CUST-0019,winter
21/01/2024,EXHS-BAJ-100,4,2880,retail,chittagong,INV-2024-0127,CUST-0012,winter
08/01/2024,CARB-KEI-VM17,3,3600,online,khulna,INV-2024-0128,CUST-0006,winter
10/01/2024,CARB-KEI-VM17,1,1200,retail,mymensingh,INV-2024-0129,CUST-0049,winter
17/01/2024,CARB-KEI-VM17,2,2400,wholesale,chittagong,INV-2024-0130,CUST-0040,winter
23/01/2024,CARB-KEI-VM17,1,1200,wholesale,dhaka,INV-2024-0131,CUST-0029,winter
04/02/2024,PIST-BAJ-100,22,12760,retail,dhaka,INV-2024-0132,CUST-0005,winter
10/02/2024,PIST-BAJ-100,24,13920,retail,dhaka,INV-2024-0133,CUST-0045,winter
17/02/2024,PIST-BAJ-100,7,4060,retail,chittagong,INV-2024-0134,CUST-0015,winter
21/02/2024,PIST-BAJ-100,15,8700,retail,dhaka,INV-2024-0135,CUST-0030,winter
06/02/2024,PIST-BAJ-150,11,9020,wholesale,chittagong,INV-2024-0136,CUST-0018,winter
15/02/2024,PIST-BAJ-150,10,8200,retail,khulna,INV-2024-0137,CUST-0011,winter
19/02/2024,PIST-BAJ-150,8,6560,wholesale,rajshahi,INV-2024-0138,CUST-0037,winter
05/02/2024,PIST-HERO-100,4,2040,wholesale,barishal,INV-2024-0139,CUST-0039,winter
10/02/2024,PIST-HERO-100,21,10710,retail,dhaka,INV-2024-0140,CUST-0044,winter
12/02/2024,PIST-HERO-100,22,11220,wholesale,khulna,INV-2024-0141,CUST-0002,winter
21/02/2024,PIST-HERO-100,29,14790,wholesale,mymensingh,INV-2024-0142,CUST-0018,winter
22/02/2024,PIST-HERO-100,15,7650,wholesale,chittagong,INV-2024-0143,CUST-0012,winter
02/02/2024,PIST-HONDA-125,15,9600,retail,dhaka,INV-2024-0144,CUST-0011,winter
10/02/2024,PIST-HONDA-125,3,1920,wholesale,dhaka,INV-2024-0145,CUST-0019,winter
14/02/2024,PIST-HONDA-125,10,6400,retail,sylhet,INV-2024-0146,CUST-0049,winter
20/02/2024,PIST-HONDA-125,11,7040,retail,chittagong,INV-2024-0147,CUST-0021,winter
24/02/2024,PIST-HONDA-125,8,5120,retail,dhaka,INV-2024-0148,CUST-0050,winter
10/02/2024,GASK-BAJ-100,50,12000,retail,dhaka,INV-2024-0149,CUST-0049,winter
17/02/2024,GASK-BAJ-100,42,10080,retail,chittagong,INV-2024-0150,CUST-0004,winter
05/02/2024,GASK-UNIV-125,27,7830,wholesale,rajshahi,INV-2024-0151,CUST-0020,winter
12/02/2024,GASK-UNIV-125,13,3770,wholesale,chittagong,INV-2024-0152,CUST-0006,winter
23/02/2024,GASK-UNIV-125,21,6090,wholesale,dhaka,INV-2024-0153,CUST-0008,winter
09/02/2024,CHAIN-428H,22,7700,retail,rajshahi,INV-2024-0154,CUST-0031,winter
21/02/2024,CHAIN-428H,5,1750,retail,mymensingh,INV-2024-0155,CUST-0036,winter
05/02/2024,CHAIN-420,14,3220,wholesale,dhaka,INV-2024-0156,CUST-0018,winter
14/02/2024,CHAIN-420,8,1840,retail,khulna,INV-2024-0157,CUST-0020,winter
22/02/2024,CHAIN-420,14,3220,wholesale,khulna,INV-2024-0158,CUST-0043,winter
09/02/2024,FILT-OIL-100,57,5415,online,rangpur,INV-2024-0159,CUST-0045,winter
15/02/2024,FILT-OIL-100,62,5890,retail,dhaka,INV-2024-0160,CUST-0050,winter
22/02/2024,FILT-OIL-100,42,3990,retail,chittagong,INV-2024-0161,CUST-0031,winter
03/02/2024,FILT-OIL-125,14,1540,retail,khulna,INV-2024-0162,CUST-0034,winter
11/02/2024,FILT-OIL-125,26,2860,retail,barishal,INV-2024-0163,CUST-0010,winter
16/02/2024,FILT-OIL-125,32,3520,wholesale,chittagong,INV-2024-0164,CUST-0010,winter
19/02/2024,FILT-OIL-125,38,4180,wholesale,dhaka,INV-2024-0165,CUST-0017,winter
22/02/2024,FILT-OIL-125,19,2090,wholesale,dhaka,INV-2024-0166,CUST-0042,winter
07/02/2024,FILT-AIR-100,42,3444,wholesale,dhaka,INV-2024-0167,CUST-0019,winter
09/02/2024,FILT-AIR-100,42,3444,wholesale,mymensingh,INV-2024-0168,CUST-0028,winter
19/02/2024,FILT-AIR-100,19,1558,wholesale,mymensingh,INV-2024-0169,CUST-0046,winter
21/02/2024,FILT-AIR-100,15,1230,retail,khulna,INV-2024-0170,CUST-0045,winter
09/02/2024,FILT-AIR-125,6,540,retail,dhaka,INV-2024-0171,CUST-0034,winter
19/02/2024,FILT-AIR-125,96,8640,wholesale,chittagong,INV-2024-0172,CUST-0012,winter
08/02/2024,BRKE-PAD-DISC,30,5250,retail,barishal,INV-2024-0173,CUST-0030,winter
20/02/2024,BRKE-PAD-DISC,19,3325,retail,sylhet,INV-2024-0174,CUST-0043,winter
06/02/2024,BRKE-PAD-DRUM,22,2970,retail,khulna,INV-2024-0175,CUST-0025,winter
09/02/2024,BRKE-PAD-DRUM,17,2295,retail,khulna,INV-2024-0176,CUST-0025,winter
15/02/2024,BRKE-PAD-DRUM,4,540,wholesale,chittagong,INV-2024-0177,CUST-0045,winter
19/02/2024,BRKE-PAD-DRUM,11,1485,online,dhaka,INV-2024-0178,CUST-0043,winter
25/02/2024,BRKE-PAD-DRUM,9,1215,retail,dhaka,INV-2024-0179,CUST-0044,winter
09/02/2024,TIRE-100-18,10,11000,retail,sylhet,INV-2024-0180,CUST-0041,winter
18/02/2024,TIRE-100-18,8,8800,retail,dhaka,INV-2024-0181,CUST-0049,winter
07/02/2024,TIRE-100-17,6,5880,wholesale,chittagong,INV-2024-0182,CUST-0006,winter
15/02/2024,TIRE-100-17,9,8820,retail,barishal,INV-2024-0183,CUST-0027,winter
19/02/2024,TIRE-100-17,7,6860,retail,dhaka,INV-2024-0184,CUST-0035,winter
06/02/2024,TIRE-125-18,3,4050,retail,chittagong,INV-2024-0185,CUST-0049,winter
11/02/2024,TIRE-125-18,4,5400,online,rangpur,INV-2024-0186,CUST-0047,winter
17/02/2024,TIRE-125-18,4,5400,retail,sylhet,INV-2024-0187,CUST-0036,winter
21/02/2024,TIRE-125-18,1,1350,wholesale,dhaka,INV-2024-0188,CUST-0001,winter
09/02/2024,BATT-12V7A,9,13500,wholesale,dhaka,INV-2024-0189,CUST-0024,winter
21/02/2024,BATT-12V7A,14,21000,retail,dhaka,INV-2024-0190,CUST-0002,winter
06/02/2024,BATT-12V9A,8,14000,retail,rangpur,INV-2024-0191,CUST-0032,winter
09/02/2024,BATT-12V9A,2,3500,retail,dhaka,INV-2024-0192,CUST-0035,winter
16/02/2024,BATT-12V9A,1,1750,retail,dhaka,INV-2024-0193,CUST-0043,winter
21/02/2024,BATT-12V9A,7,12250,wholesale,rangpur,INV-2024-0194,CUST-0035,winter
08/02/2024,SPRK-NGK-C4HSA,74,9620,retail,sylhet,INV-2024-0195,CUST-0029,winter
14/02/2024,SPRK-NGK-C4HSA,55,7150,online,rangpur,INV-2024-0196,CUST-0007,winter
19/02/2024,SPRK-NGK-C4HSA,69,8970,retail,mymensingh,INV-2024-0197,CUST-0042,winter
06/02/2024,SPRK-NGK-BPR6ES,11,1595,wholesale,mymensingh,INV-2024-0198,CUST-0014,winter
07/02/2024,SPRK-NGK-BPR6ES,41,5945,wholesale,dhaka,INV-2024-0199,CUST-0014,winter
12/02/2024,SPRK-NGK-BPR6ES,39,5655,wholesale,chittagong,INV-2024-0200,CUST-0015,winter
19/02/2024,SPRK-NGK-BPR6ES,34,4930,retail,dhaka,INV-2024-0201,CUST-0039,winter
23/02/2024,SPRK-NGK-BPR6ES,4,580,online,dhaka,INV-2024-0202,CUST-0010,winter
04/02/2024,CABL-CLUTCH-100,23,2875,retail,dhaka,INV-2024-0203,CUST-0048,winter
13/02/2024,CABL-CLUTCH-100,3,375,retail,chittagong,INV-2024-0204,CUST-0005,winter
17/02/2024,CABL-CLUTCH-100,24,3000,wholesale,chittagong,INV-2024-0205,CUST-0033,winter
21/02/2024,CABL-CLUTCH-100,4,500,retail,chittagong,INV-2024-0206,CUST-0015,winter
11/02/2024,CABL-THROT-100,27,2916,online,chittagong,INV-2024-0207,CUST-0004,winter
19/02/2024,CABL-THROT-100,34,3672,wholesale,mymensingh,INV-2024-0208,CUST-0028,winter
04/02/2024,CABL-SPED-100,11,1045,wholesale,dhaka,INV-2024-0209,CUST-0019,winter
11/02/2024,CABL-SPED-100,8,760,wholesale,chittagong,INV-2024-0210,CUST-0007,winter
16/02/2024,CABL-SPED-100,14,1330,retail,rajshahi,INV-2024-0211,CUST-0042,winter
21/02/2024,CABL-SPED-100,5,475,wholesale,sylhet,INV-2024-0212,CUST-0047,winter
24/02/2024,CABL-SPED-100,2,190,retail,khulna,INV-2024-0213,CUST-0015,winter
03/02/2024,BEAR-6201,47,3525,retail,dhaka,INV-2024-0214,CUST-0048,winter
10/02/2024,BEAR-6201,86,6450,retail,dhaka,INV-2024-0215,CUST-0004,winter
12/02/2024,BEAR-6201,37,2775,wholesale,chittagong,INV-2024-0216,CUST-0022,winter
17/02/2024,BEAR-6201,37,2775,retail,sylhet,INV-2024-0217,CUST-0043,winter
22/02/2024,BEAR-6201,30,2250,retail,rangpur,INV-2024-0218,CUST-0047,winter
04/02/2024,BEAR-6202,60,4920,wholesale,dhaka,INV-2024-0219,CUST-0037,winter
09/02/2024,BEAR-6202,35,2870,retail,dhaka,INV-2024-0220,CUST-0036,winter
17/02/2024,BEAR-6202,58,4756,wholesale,mymensingh,INV-2024-0221,CUST-0040,winter
25/02/2024,BEAR-6202,22,1804,wholesale,sylhet,INV-2024-0222,CUST-0039,winter
05/02/2024,BEAR-6301,2,180,retail,chittagong,INV-2024-0223,CUST-0010,winter
09/02/2024,BEAR-6301,21,1890,online,rajshahi,INV-2024-0224,CUST-0006,winter
16/02/2024,BEAR-6301,58,5220,retail,rajshahi,INV-2024-0225,CUST-0027,winter
22/02/2024,BEAR-6301,71,6390,retail,chittagong,INV-2024-0226,CUST-0020,winter
11/02/2024,CLUT-PLATE-100,27,6750,retail,sylhet,INV-2024-0227,CUST-0043,winter
17/02/2024,CLUT-PLATE-100,5,1250,wholesale,chittagong,INV-2024-0228,CUST-0027,winter
11/02/2024,CLUT-PLATE-125,15,4350,retail,chittagong,INV-2024-0229,CUST-0015,winter
20/02/2024,CLUT-PLATE-125,5,1450,wholesale,dhaka,INV-2024-0230,CUST-0001,winter
05/02/2024,ENGN-OIL-10W30,41,13120,retail,rajshahi,INV-2024-0231,CUST-0025,winter
12/02/2024,ENGN-OIL-10W30,41,13120,retail,chittagong,INV-2024-0232,CUST-0036,winter
22/02/2024,ENGN-OIL-10W30,16,5120,wholesale,khulna,INV-2024-0233,CUST-0005,winter
07/02/2024,ENGN-OIL-20W40,38,13300,wholesale,chittagong,INV-2024-0234,CUST-0046,winter
19/02/2024,ENGN-OIL-20W40,40,14000,retail,sylhet,INV-2024-0235,CUST-0026,winter
05/02/2024,FORK-SEAL-100,2,240,wholesale,dhaka,INV-2024-0236,CUST-0034,winter
09/02/2024,FORK-SEAL-100,12,1440,online,dhaka,INV-2024-0237,CUST-0048,winter
18/02/2024,FORK-SEAL-100,6,720,retail,dhaka,INV-2024-0238,CUST-0011,winter
21/02/2024,FORK-SEAL-100,9,1080,wholesale,dhaka,INV-2024-0239,CUST-0034,winter
03/02/2024,SHCK-REAR-100,2,1560,retail,dhaka,INV-2024-0240,CUST-0049,winter
10/02/2024,SHCK-REAR-100,5,3900,retail,sylhet,INV-2024-0241,CUST-0050,winter
17/02/2024,SHCK-REAR-100,3,2340,retail,sylhet,INV-2024-0242,CUST-0037,winter
22/02/2024,SHCK-REAR-100,1,780,retail,rajshahi,INV-2024-0243,CUST-0037,winter
06/02/2024,HEAD-LED-H4,10,5200,wholesale,dhaka,INV-2024-0244,CUST-0020,winter
11/02/2024,HEAD-LED-H4,7,3640,retail,chittagong,INV-2024-0245,CUST-0024,winter
17/02/2024,HEAD-LED-H4,2,1040,retail,khulna,INV-2024-0246,CUST-0006,winter
25/02/2024,HEAD-LED-H4,1,520,wholesale,sylhet,INV-2024-0247,CUST-0030,winter
08/02/2024,HEAD-HALO-H4,10,2400,wholesale,sylhet,INV-2024-0248,CUST-0004,winter
19/02/2024,HEAD-HALO-H4,18,4320,wholesale,chittagong,INV-2024-0249,CUST-0022,winter
08/02/2024,TAIL-UNIV-A,34,6630,wholesale,mymensingh,INV-2024-0250,CUST-0040,winter
20/02/2024,TAIL-UNIV-A,12,2340,retail,dhaka,INV-2024-0251,CUST-0019,winter
03/02/2024,MIRR-ROUND-10,31,2418,online,dhaka,INV-2024-0252,CUST-0039,winter
13/02/2024,MIRR-ROUND-10,2,156,retail,khulna,INV-2024-0253,CUST-0038,winter
18/02/2024,MIRR-ROUND-10,30,2340,online,sylhet,INV-2024-0254,CUST-0020,winter
23/02/2024,MIRR-ROUND-10,15,1170,wholesale,rangpur,INV-2024-0255,CUST-0026,winter
09/02/2024,HDLB-RAISED-22,6,1740,wholesale,sylhet,INV-2024-0256,CUST-0048,winter
18/02/2024,HDLB-RAISED-22,8,2320,online,mymensingh,INV-2024-0257,CUST-0006,winter
05/02/2024,SEAT-COMM-100,3,1050,wholesale,dhaka,INV-2024-0258,CUST-0007,winter
08/02/2024,SEAT-COMM-100,1,350,wholesale,chittagong,INV-2024-0259,CUST-0048,winter
13/02/2024,SEAT-COMM-100,2,700,retail,barishal,INV-2024-0260,CUST-0022,winter
18/02/2024,SEAT-COMM-100,6,2100,wholesale,khulna,INV-2024-0261,CUST-0039,winter
23/02/2024,SEAT-COMM-100,2,700,retail,dhaka,INV-2024-0262,CUST-0045,winter
06/02/2024,TANK-FUEL-10L,4,6200,wholesale,dhaka,INV-2024-0263,CUST-0029,winter
15/02/2024,TANK-FUEL-10L,1,1550,retail,dhaka,INV-2024-0264,CUST-0031,winter
23/02/2024,TANK-FUEL-10L,1,1550,retail,barishal,INV-2024-0265,CUST-0044,winter
03/02/2024,EXHS-BAJ-100,2,1440,online,sylhet,INV-2024-0266,CUST-0036,winter
11/02/2024,EXHS-BAJ-100,1,720,wholesale,rangpur,INV-2024-0267,CUST-0034,winter
13/02/2024,EXHS-BAJ-100,2,1440,retail,khulna,INV-2024-0268,CUST-0049,winter
19/02/2024,EXHS-BAJ-100,2,1440,retail,dhaka,INV-2024-0269,CUST-0033,winter
22/02/2024,EXHS-BAJ-100,4,2880,retail,dhaka,INV-2024-0270,CUST-0015,winter
03/02/2024,CARB-KEI-VM17,3,3600,retail,dhaka,INV-2024-0271,CUST-0046,winter
11/02/2024,CARB-KEI-VM17,1,1200,wholesale,sylhet,INV-2024-0272,CUST-0009,winter
16/02/2024,CARB-KEI-VM17,1,1200,online,dhaka,INV-2024-0273,CUST-0031,winter
21/02/2024,CARB-KEI-VM17,2,2400,retail,sylhet,INV-2024-0274,CUST-0046,winter
09/03/2024,PIST-BAJ-100,46,26680,wholesale,chittagong,INV-2024-0275,CUST-0034,summer
19/03/2024,PIST-BAJ-100,1,580,wholesale,chittagong,INV-2024-0276,CUST-0016,summer
12/03/2024,PIST-BAJ-150,7,5740,wholesale,dhaka,INV-2024-0277,CUST-0032,summer
21/03/2024,PIST-BAJ-150,18,14760,retail,chittagong,INV-2024-0278,CUST-0033,summer
08/03/2024,PIST-HERO-100,29,14790,retail,chittagong,INV-2024-0279,CUST-0034,summer
14/03/2024,PIST-HERO-100,1,510,wholesale,chittagong,INV-2024-0280,CUST-0033,summer
21/03/2024,PIST-HERO-100,34,17340,retail,chittagong,INV-2024-0281,CUST-0031,summer
07/03/2024,PIST-HONDA-125,12,7680,wholesale,chittagong,INV-2024-0282,CUST-0012,summer
10/03/2024,PIST-HONDA-125,3,1920,wholesale,khulna,INV-2024-0283,CUST-0045,summer
14/03/2024,PIST-HONDA-125,1,640,retail,chittagong,INV-2024-0284,CUST-0009,summer
18/03/2024,PIST-HONDA-125,11,7040,wholesale,dhaka,INV-2024-0285,CUST-0030,summer
25/03/2024,PIST-HONDA-125,5,3200,retail,dhaka,INV-2024-0286,CUST-0013,summer
06/03/2024,GASK-BAJ-100,26,6240,wholesale,dhaka,INV-2024-0287,CUST-0042,summer
10/03/2024,GASK-BAJ-100,14,3360,retail,dhaka,INV-2024-0288,CUST-0024,summer
17/03/2024,GASK-BAJ-100,27,6480,retail,chittagong,INV-2024-0289,CUST-0029,summer
24/03/2024,GASK-BAJ-100,15,3600,retail,barishal,INV-2024-0290,CUST-0012,summer
07/03/2024,GASK-UNIV-125,10,2900,retail,dhaka,INV-2024-0291,CUST-0019,summer
09/03/2024,GASK-UNIV-125,21,6090,wholesale,dhaka,INV-2024-0292,CUST-0028,summer
17/03/2024,GASK-UNIV-125,7,2030,retail,dhaka,INV-2024-0293,CUST-0029,summer
20/03/2024,GASK-UNIV-125,3,870,online,dhaka,INV-2024-0294,CUST-0023,summer
25/03/2024,GASK-UNIV-125,11,3190,retail,sylhet,INV-2024-0295,CUST-0041,summer
10/03/2024,CHAIN-428H,3,1050,wholesale,khulna,INV-2024-0296,CUST-0002,summer
22/03/2024,CHAIN-428H,21,7350,wholesale,dhaka,INV-2024-0297,CUST-0029,summer
10/03/2024,CHAIN-420,7,1610,retail,rangpur,INV-2024-0298,CUST-0010,summer
21/03/2024,CHAIN-420,20,4600,online,sylhet,INV-2024-0299,CUST-0024,summer
11/03/2024,FILT-OIL-100,64,6080,retail,sylhet,INV-2024-0300,CUST-0008,summer
20/03/2024,FILT-OIL-100,60,5700,retail,dhaka,INV-2024-0301,CUST-0034,summer
11/03/2024,FILT-OIL-125,46,5060,retail,mymensingh,INV-2024-0302,CUST-0032,summer
19/03/2024,FILT-OIL-125,45,4950,retail,dhaka,INV-2024-0303,CUST-0005,summer
03/03/2024,FILT-AIR-100,23,1886,wholesale,khulna,INV-2024-0304,CUST-0045,summer
12/03/2024,FILT-AIR-100,19,1558,wholesale,sylhet,INV-2024-0305,CUST-0033,summer
17/03/2024,FILT-AIR-100,22,1804,online,dhaka,INV-2024-0306,CUST-0009,summer
20/03/2024,FILT-AIR-100,23,1886,retail,dhaka,INV-2024-0307,CUST-0024,summer
25/03/2024,FILT-AIR-100,16,1312,retail,chittagong,INV-2024-0308,CUST-0036,summer
11/03/2024,FILT-AIR-125,11,990,retail,chittagong,INV-2024-0309,CUST-0037,summer
22/03/2024,FILT-AIR-125,64,5760,online,dhaka,INV-2024-0310,CUST-0042,summer
04/03/2024,BRKE-PAD-DISC,8,1400,retail,chittagong,INV-2024-0311,CUST-0011,summer
11/03/2024,BRKE-PAD-DISC,3,525,wholesale,dhaka,INV-2024-0312,CUST-0023,summer
17/03/2024,BRKE-PAD-DISC,10,1750,wholesale,rangpur,INV-2024-0313,CUST-0019,summer
18/03/2024,BRKE-PAD-DISC,9,1575,retail,khulna,INV-2024-0314,CUST-0041,summer
23/03/2024,BRKE-PAD-DISC,7,1225,retail,rangpur,INV-2024-0315,CUST-0041,summer
12/03/2024,BRKE-PAD-DRUM,40,5400,wholesale,dhaka,INV-2024-0316,CUST-0039,summer
19/03/2024,BRKE-PAD-DRUM,14,1890,online,dhaka,INV-2024-0317,CUST-0003,summer
12/03/2024,TIRE-100-18,1,1100,wholesale,sylhet,INV-2024-0318,CUST-0027,summer
20/03/2024,TIRE-100-18,13,14300,retail,sylhet,INV-2024-0319,CUST-0041,summer
04/03/2024,TIRE-100-17,3,2940,retail,chittagong,INV-2024-0320,CUST-0022,summer
10/03/2024,TIRE-100-17,6,5880,retail,sylhet,INV-2024-0321,CUST-0046,summer
17/03/2024,TIRE-100-17,5,4900,online,dhaka,INV-2024-0322,CUST-0023,summer
25/03/2024,TIRE-100-17,2,1960,retail,mymensingh,INV-2024-0323,CUST-0024,summer
10/03/2024,TIRE-125-18,3,4050,retail,dhaka,INV-2024-0324,CUST-0019,summer
21/03/2024,TIRE-125-18,5,6750,online,rangpur,INV-2024-0325,CUST-0027,summer
06/03/2024,BATT-12V7A,6,9000,retail,mymensingh,INV-2024-0326,CUST-0020,summer
14/03/2024,BATT-12V7A,6,9000,retail,chittagong,INV-2024-0327,CUST-0026,summer
24/03/2024,BATT-12V7A,5,7500,online,chittagong,INV-2024-0328,CUST-0014,summer
11/03/2024,BATT-12V9A,1,1750,wholesale,chittagong,INV-2024-0329,CUST-0028,summer
20/03/2024,BATT-12V9A,12,21000,retail,dhaka,INV-2024-0330,CUST-0024,summer
04/03/2024,SPRK-NGK-C4HSA,8,1040,retail,rajshahi,INV-2024-0331,CUST-0040,summer
13/03/2024,SPRK-NGK-C4HSA,9,1170,retail,sylhet,INV-2024-0332,CUST-0007,summer
20/03/2024,SPRK-NGK-C4HSA,93,12090,wholesale,dhaka,INV-2024-0333,CUST-0022,summer
25/03/2024,SPRK-NGK-C4HSA,60,7800,retail,chittagong,INV-2024-0334,CUST-0010,summer
06/03/2024,SPRK-NGK-BPR6ES,32,4640,wholesale,dhaka,INV-2024-0335,CUST-0011,summer
09/03/2024,SPRK-NGK-BPR6ES,3,435,wholesale,dhaka,INV-2024-0336,CUST-0020,summer
17/03/2024,SPRK-NGK-BPR6ES,9,1305,wholesale,chittagong,INV-2024-0337,CUST-0033,summer
22/03/2024,SPRK-NGK-BPR6ES,21,3045,wholesale,chittagong,INV-2024-0338,CUST-0020,summer
24/03/2024,SPRK-NGK-BPR6ES,31,4495,retail,chittagong,INV-2024-0339,CUST-0022,summer
05/03/2024,CABL-CLUTCH-100,8,1000,retail,chittagong,INV-2024-0340,CUST-0041,summer
12/03/2024,CABL-CLUTCH-100,11,1375,wholesale,rajshahi,INV-2024-0341,CUST-0025,summer
17/03/2024,CABL-CLUTCH-100,10,1250,wholesale,dhaka,INV-2024-0342,CUST-0003,summer
19/03/2024,CABL-CLUTCH-100,9,1125,wholesale,chittagong,INV-2024-0343,CUST-0013,summer
23/03/2024,CABL-CLUTCH-100,1,125,retail,dhaka,INV-2024-0344,CUST-0010,summer
05/03/2024,CABL-THROT-100,8,864,retail,dhaka,INV-2024-0345,CUST-0043,summer
14/03/2024,CABL-THROT-100,15,1620,retail,chittagong,INV-2024-0346,CUST-0012,summer
25/03/2024,CABL-THROT-100,18,1944,wholesale,chittagong,INV-2024-0347,CUST-0035,summer
05/03/2024,CABL-SPED-100,11,1045,retail,sylhet,INV-2024-0348,CUST-0031,summer
12/03/2024,CABL-SPED-100,3,285,online,dhaka,INV-2024-0349,CUST-0047,summer
18/03/2024,CABL-SPED-100,4,380,retail,dhaka,INV-2024-0350,CUST-0044,summer
23/03/2024,CABL-SPED-100,10,950,online,chittagong,INV-2024-0351,CUST-0026,summer
07/03/2024,BEAR-6201,47,3525,retail,rajshahi,INV-2024-0352,CUST-0035,summer
16/03/2024,BEAR-6201,46,3450,wholesale,dhaka,INV-2024-0353,CUST-0018,summer
23/03/2024,BEAR-6201,114,8550,wholesale,dhaka,INV-2024-0354,CUST-0038,summer
09/03/2024,BEAR-6202,81,6642,retail,dhaka,INV-2024-0355,CUST-0031,summer
18/03/2024,BEAR-6202,64,5248,wholesale,dhaka,INV-2024-0356,CUST-0001,summer
08/03/2024,BEAR-6301,22,1980,wholesale,dhaka,INV-2024-0357,CUST-0050,summer
14/03/2024,BEAR-6301,51,4590,wholesale,dhaka,INV-2024-0358,CUST-0035,summer
23/03/2024,BEAR-6301,47,4230,online,rajshahi,INV-2024-0359,CUST-0003,summer
05/03/2024,CLUT-PLATE-100,5,1250,wholesale,dhaka,INV-2024-0360,CUST-0019,summer
16/03/2024,CLUT-PLATE-100,10,2500,retail,khulna,INV-2024-0361,CUST-0037,summer
24/03/2024,CLUT-PLATE-100,11,2750,online,sylhet,INV-2024-0362,CUST-0022,summer
05/03/2024,CLUT-PLATE-125,5,1450,retail,dhaka,INV-2024-0363,CUST-0019,summer
09/03/2024,CLUT-PLATE-125,1,290,wholesale,chittagong,INV-2024-0364,CUST-0012,summer
16/03/2024,CLUT-PLATE-125,3,870,wholesale,sylhet,INV-2024-0365,CUST-0026,summer
20/03/2024,CLUT-PLATE-125,2,580,wholesale,khulna,INV-2024-0366,CUST-0006,summer
24/03/2024,CLUT-PLATE-125,5,1450,retail,chittagong,INV-2024-0367,CUST-0009,summer
07/03/2024,ENGN-OIL-10W30,1,320,wholesale,chittagong,INV-2024-0368,CUST-0017,summer
15/03/2024,ENGN-OIL-10W30,38,12160,wholesale,sylhet,INV-2024-0369,CUST-0004,summer
23/03/2024,ENGN-OIL-10W30,44,14080,retail,sylhet,INV-2024-0370,CUST-0011,summer
05/03/2024,ENGN-OIL-20W40,16,5600,online,chittagong,INV-2024-0371,CUST-0024,summer
11/03/2024,ENGN-OIL-20W40,14,4900,wholesale,chittagong,INV-2024-0372,CUST-0031,summer
19/03/2024,ENGN-OIL-20W40,22,7700,wholesale,rajshahi,INV-2024-0373,CUST-0014,summer
23/03/2024,ENGN-OIL-20W40,9,3150,wholesale,rajshahi,INV-2024-0374,CUST-0039,summer
10/03/2024,FORK-SEAL-100,14,1680,retail,barishal,INV-2024-0375,CUST-0036,summer
18/03/2024,FORK-SEAL-100,15,1800,retail,barishal,INV-2024-0376,CUST-0035,summer
07/03/2024,SHCK-REAR-100,3,2340,retail,khulna,INV-2024-0377,CUST-0033,summer
10/03/2024,SHCK-REAR-100,1,780,wholesale,chittagong,INV-2024-0378,CUST-0036,summer
20/03/2024,SHCK-REAR-100,2,1560,wholesale,chittagong,INV-2024-0379,CUST-0047,summer
25/03/2024,SHCK-REAR-100,2,1560,retail,dhaka,INV-2024-0380,CUST-0001,summer
08/03/2024,HEAD-LED-H4,2,1040,online,mymensingh,INV-2024-0381,CUST-0005,summer
22/03/2024,HEAD-LED-H4,14,7280,retail,mymensingh,INV-2024-0382,CUST-0019,summer
07/03/2024,HEAD-HALO-H4,6,1440,online,khulna,INV-2024-0383,CUST-0025,summer
16/03/2024,HEAD-HALO-H4,9,2160,online,dhaka,INV-2024-0384,CUST-0035,summer
24/03/2024,HEAD-HALO-H4,5,1200,online,dhaka,INV-2024-0385,CUST-0008,summer
06/03/2024,TAIL-UNIV-A,10,1950,retail,khulna,INV-2024-0386,CUST-0023,summer
12/03/2024,TAIL-UNIV-A,14,2730,retail,dhaka,INV-2024-0387,CUST-0047,summer
16/03/2024,TAIL-UNIV-A,2,390,retail,rajshahi,INV-2024-0388,CUST-0043,summer
22/03/2024,TAIL-UNIV-A,1,195,wholesale,chittagong,INV-2024-0389,CUST-0002,summer
26/03/2024,TAIL-UNIV-A,1,195,retail,dhaka,INV-2024-0390,CUST-0039,summer
11/03/2024,MIRR-ROUND-10,46,3588,wholesale,chittagong,INV-2024-0391,CUST-0050,summer
19/03/2024,MIRR-ROUND-10,8,624,wholesale,dhaka,INV-2024-0392,CUST-0019,summer
05/03/2024,HDLB-RAISED-22,3,870,retail,dhaka,INV-2024-0393,CUST-0038,summer
14/03/2024,HDLB-RAISED-22,4,1160,online,khulna,INV-2024-0394,CUST-0041,summer
17/03/2024,HDLB-RAISED-22,4,1160,wholesale,sylhet,INV-2024-0395,CUST-0004,summer
25/03/2024,HDLB-RAISED-22,1,290,online,mymensingh,INV-2024-0396,CUST-0043,summer
08/03/2024,SEAT-COMM-100,4,1400,wholesale,dhaka,INV-2024-0397,CUST-0030,summer
13/03/2024,SEAT-COMM-100,3,1050,wholesale,barishal,INV-2024-0398,CUST-0027,summer
17/03/2024,SEAT-COMM-100,2,700,retail,chittagong,INV-2024-0399,CUST-0016,summer
23/03/2024,SEAT-COMM-100,1,350,retail,dhaka,INV-2024-0400,CUST-0006,summer
04/03/2024,TANK-FUEL-10L,1,1550,retail,dhaka,INV-2024-0401,CUST-0022,summer
11/03/2024,TANK-FUEL-10L,3,4650,online,dhaka,INV-2024-0402,CUST-0014,summer
20/03/2024,TANK-FUEL-10L,1,1550,online,rangpur,INV-2024-0403,CUST-0008,summer
26/03/2024,TANK-FUEL-10L,1,1550,wholesale,rajshahi,INV-2024-0404,CUST-0016,summer
07/03/2024,EXHS-BAJ-100,3,2160,retail,chittagong,INV-2024-0405,CUST-0017,summer
16/03/2024,EXHS-BAJ-100,2,1440,online,dhaka,INV-2024-0406,CUST-0030,summer
24/03/2024,EXHS-BAJ-100,3,2160,online,dhaka,INV-2024-0407,CUST-0031,summer
05/03/2024,CARB-KEI-VM17,2,2400,wholesale,rangpur,INV-2024-0408,CUST-0027,summer
10/03/2024,CARB-KEI-VM17,2,2400,retail,dhaka,INV-2024-0409,CUST-0015,summer
18/03/2024,CARB-KEI-VM17,1,1200,wholesale,dhaka,INV-2024-0410,CUST-0032,summer
26/03/2024,CARB-KEI-VM17,1,1200,online,chittagong,INV-2024-0411,CUST-0022,summer
04/04/2024,PIST-BAJ-100,17,9860,wholesale,barishal,INV-2024-0412,CUST-0042,summer
09/04/2024,PIST-BAJ-100,11,6380,wholesale,rangpur,INV-2024-0413,CUST-0005,summer
17/04/2024,PIST-BAJ-100,9,5220,wholesale,rangpur,INV-2024-0414,CUST-0049,summer
21/04/2024,PIST-BAJ-100,3,1740,retail,dhaka,INV-2024-0415,CUST-0041,summer
24/04/2024,PIST-BAJ-100,14,8120,wholesale,dhaka,INV-2024-0416,CUST-0001,summer
06/04/2024,PIST-BAJ-150,4,3280,retail,chittagong,INV-2024-0417,CUST-0047,summer
08/04/2024,PIST-BAJ-150,7,5740,online,dhaka,INV-2024-0418,CUST-0002,summer
13/04/2024,PIST-BAJ-150,7,5740,wholesale,chittagong,INV-2024-0419,CUST-0028,summer
22/04/2024,PIST-BAJ-150,7,5740,online,khulna,INV-2024-0420,CUST-0007,summer
27/04/2024,PIST-BAJ-150,5,4100,wholesale,barishal,INV-2024-0421,CUST-0016,summer
07/04/2024,PIST-HERO-100,31,15810,wholesale,dhaka,INV-2024-0422,CUST-0006,summer
14/04/2024,PIST-HERO-100,10,5100,online,sylhet,INV-2024-0423,CUST-0049,summer
17/04/2024,PIST-HERO-100,15,7650,retail,dhaka,INV-2024-0424,CUST-0025,summer
23/04/2024,PIST-HERO-100,15,7650,retail,chittagong,INV-2024-0425,CUST-0001,summer
10/04/2024,PIST-HONDA-125,26,16640,online,mymensingh,INV-2024-0426,CUST-0034,summer
22/04/2024,PIST-HONDA-125,22,14080,retail,barishal,INV-2024-0427,CUST-0045,summer
03/04/2024,GASK-BAJ-100,10,2400,wholesale,chittagong,INV-2024-0428,CUST-0046,summer
09/04/2024,GASK-BAJ-100,35,8400,online,khulna,INV-2024-0429,CUST-0020,summer
15/04/2024,GASK-BAJ-100,26,6240,retail,dhaka,INV-2024-0430,CUST-0025,summer
18/04/2024,GASK-BAJ-100,11,2640,wholesale,sylhet,INV-2024-0431,CUST-0025,summer
24/04/2024,GASK-BAJ-100,20,4800,retail,rajshahi,INV-2024-0432,CUST-0045,summer
08/04/2024,GASK-UNIV-125,2,580,retail,dhaka,INV-2024-0433,CUST-0029,summer
14/04/2024,GASK-UNIV-125,18,5220,retail,chittagong,INV-2024-0434,CUST-0025,summer
19/04/2024,GASK-UNIV-125,35,10150,wholesale,chittagong,INV-2024-0435,CUST-0043,summer
24/04/2024,GASK-UNIV-125,14,4060,wholesale,dhaka,INV-2024-0436,CUST-0019,summer
09/04/2024,CHAIN-428H,10,3500,retail,dhaka,INV-2024-0437,CUST-0001,summer
21/04/2024,CHAIN-428H,18,6300,retail,rangpur,INV-2024-0438,CUST-0049,summer
09/04/2024,CHAIN-420,3,690,retail,dhaka,INV-2024-0439,CUST-0006,summer
16/04/2024,CHAIN-420,14,3220,wholesale,chittagong,INV-2024-0440,CUST-0025,summer
20/04/2024,CHAIN-420,19,4370,retail,dhaka,INV-2024-0441,CUST-0050,summer
06/04/2024,FILT-OIL-100,70,6650,retail,dhaka,INV-2024-0442,CUST-0011,summer
15/04/2024,FILT-OIL-100,21,1995,retail,chittagong,INV-2024-0443,CUST-0031,summer
22/04/2024,FILT-OIL-100,46,4370,retail,rajshahi,INV-2024-0444,CUST-0016,summer
05/04/2024,FILT-OIL-125,35,3850,wholesale,dhaka,INV-2024-0445,CUST-0042,summer
12/04/2024,FILT-OIL-125,11,1210,retail,mymensingh,INV-2024-0446,CUST-0021,summer
16/04/2024,FILT-OIL-125,6,660,wholesale,sylhet,INV-2024-0447,CUST-0031,summer
20/04/2024,FILT-OIL-125,18,1980,online,dhaka,INV-2024-0448,CUST-0021,summer
26/04/2024,FILT-OIL-125,55,6050,wholesale,dhaka,INV-2024-0449,CUST-0032,summer
05/04/2024,FILT-AIR-100,35,2870,wholesale,chittagong,INV-2024-0450,CUST-0044,summer
17/04/2024,FILT-AIR-100,29,2378,retail,rajshahi,INV-2024-0451,CUST-0047,summer
21/04/2024,FILT-AIR-100,84,6888,wholesale,chittagong,INV-2024-0452,CUST-0029,summer
11/04/2024,FILT-AIR-125,57,5130,retail,dhaka,INV-2024-0453,CUST-0017,summer
21/04/2024,FILT-AIR-125,56,5040,wholesale,sylhet,INV-2024-0454,CUST-0025,summer
03/04/2024,BRKE-PAD-DISC,8,1400,retail,dhaka,INV-2024-0455,CUST-0043,summer
10/04/2024,BRKE-PAD-DISC,7,1225,wholesale,dhaka,INV-2024-0456,CUST-0003,summer
17/04/2024,BRKE-PAD-DISC,12,2100,wholesale,chittagong,INV-2024-0457,CUST-0042,summer
22/04/2024,BRKE-PAD-DISC,12,2100,wholesale,dhaka,INV-2024-0458,CUST-0028,summer
23/04/2024,BRKE-PAD-DISC,6,1050,retail,dhaka,INV-2024-0459,CUST-0015,summer
09/04/2024,BRKE-PAD-DRUM,20,2700,retail,dhaka,INV-2024-0460,CUST-0007,summer
17/04/2024,BRKE-PAD-DRUM,17,2295,online,dhaka,INV-2024-0461,CUST-0006,summer
21/04/2024,BRKE-PAD-DRUM,35,4725,online,dhaka,INV-2024-0462,CUST-0010,summer
07/04/2024,TIRE-100-18,4,4400,wholesale,dhaka,INV-2024-0463,CUST-0002,summer
12/04/2024,TIRE-100-18,2,2200,wholesale,khulna,INV-2024-0464,CUST-0044,summer
16/04/2024,TIRE-100-18,4,4400,online,khulna,INV-2024-0465,CUST-0048,summer
24/04/2024,TIRE-100-18,5,5500,retail,dhaka,INV-2024-0466,CUST-0011,summer
06/04/2024,TIRE-100-17,8,7840,retail,chittagong,INV-2024-0467,CUST-0001,summer
11/04/2024,TIRE-100-17,2,1960,retail,rajshahi,INV-2024-0468,CUST-0049,summer
13/04/2024,TIRE-100-17,3,2940,wholesale,rajshahi,INV-2024-0469,CUST-0037,summer
22/04/2024,TIRE-100-17,1,980,online,dhaka,INV-2024-0470,CUST-0012,summer
24/04/2024,TIRE-100-17,5,4900,retail,dhaka,INV-2024-0471,CUST-0008,summer
05/04/2024,TIRE-125-18,2,2700,wholesale,khulna,INV-2024-0472,CUST-0020,summer
10/04/2024,TIRE-125-18,2,2700,wholesale,barishal,INV-2024-0473,CUST-0044,summer
16/04/2024,TIRE-125-18,2,2700,retail,dhaka,INV-2024-0474,CUST-0020,summer
22/04/2024,TIRE-125-18,2,2700,retail,dhaka,INV-2024-0475,CUST-0010,summer
24/04/2024,TIRE-125-18,2,2700,retail,chittagong,INV-2024-0476,CUST-0009,summer
07/04/2024,BATT-12V7A,1,1500,wholesale,dhaka,INV-2024-0477,CUST-0040,summer
09/04/2024,BATT-12V7A,5,7500,retail,dhaka,INV-2024-0478,CUST-0001,summer
16/04/2024,BATT-12V7A,5,7500,retail,chittagong,INV-2024-0479,CUST-0025,summer
20/04/2024,BATT-12V7A,5,7500,wholesale,rangpur,INV-2024-0480,CUST-0032,summer
24/04/2024,BATT-12V7A,8,12000,retail,chittagong,INV-2024-0481,CUST-0046,summer
07/04/2024,BATT-12V9A,2,3500,wholesale,rajshahi,INV-2024-0482,CUST-0036,summer
10/04/2024,BATT-12V9A,4,7000,wholesale,chittagong,INV-2024-0483,CUST-0018,summer
14/04/2024,BATT-12V9A,8,14000,wholesale,rajshahi,INV-2024-0484,CUST-0024,summer
21/04/2024,BATT-12V9A,2,3500,wholesale,chittagong,INV-2024-0485,CUST-0049,summer
27/04/2024,BATT-12V9A,1,1750,wholesale,rajshahi,INV-2024-0486,CUST-0028,summer
05/04/2024,SPRK-NGK-C4HSA,29,3770,retail,rajshahi,INV-2024-0487,CUST-0048,summer
16/04/2024,SPRK-NGK-C4HSA,99,12870,retail,chittagong,INV-2024-0488,CUST-0046,summer
20/04/2024,SPRK-NGK-C4HSA,44,5720,retail,sylhet,INV-2024-0489,CUST-0040,summer
09/04/2024,SPRK-NGK-BPR6ES,43,6235,retail,chittagong,INV-2024-0490,CUST-0046,summer
15/04/2024,SPRK-NGK-BPR6ES,43,6235,wholesale,dhaka,INV-2024-0491,CUST-0033,summer
24/04/2024,SPRK-NGK-BPR6ES,30,4350,wholesale,mymensingh,INV-2024-0492,CUST-0007,summer
04/04/2024,CABL-CLUTCH-100,10,1250,wholesale,dhaka,INV-2024-0493,CUST-0041,summer
10/04/2024,CABL-CLUTCH-100,12,1500,retail,chittagong,INV-2024-0494,CUST-0041,summer
14/04/2024,CABL-CLUTCH-100,9,1125,wholesale,rajshahi,INV-2024-0495,CUST-0026,summer
21/04/2024,CABL-CLUTCH-100,1,125,retail,chittagong,INV-2024-0496,CUST-0024,summer
26/04/2024,CABL-CLUTCH-100,9,1125,retail,chittagong,INV-2024-0497,CUST-0038,summer
10/04/2024,CABL-THROT-100,27,2916,retail,rajshahi,INV-2024-0498,CUST-0028,summer
18/04/2024,CABL-THROT-100,17,1836,retail,khulna,INV-2024-0499,CUST-0021,summer
04/04/2024,CABL-SPED-100,9,855,online,dhaka,INV-2024-0500,CUST-0011,summer
10/04/2024,CABL-SPED-100,2,190,retail,chittagong,INV-2024-0501,CUST-0028,summer
16/04/2024,CABL-SPED-100,15,1425,wholesale,dhaka,INV-2024-0502,CUST-0009,summer
25/04/2024,CABL-SPED-100,14,1330,retail,barishal,INV-2024-0503,CUST-0018,summer
07/04/2024,BEAR-6201,30,2250,wholesale,sylhet,INV-2024-0504,CUST-0001,summer
12/04/2024,BEAR-6201,45,3375,retail,dhaka,INV-2024-0505,CUST-0038,summer
17/04/2024,BEAR-6201,110,8250,wholesale,dhaka,INV-2024-0506,CUST-0001,summer
25/04/2024,BEAR-6201,20,1500,retail,dhaka,INV-2024-0507,CUST-0008,summer
05/04/2024,BEAR-6202,67,5494,wholesale,rajshahi,INV-2024-0508,CUST-0009,summer
10/04/2024,BEAR-6202,47,3854,wholesale,sylhet,INV-2024-0509,CUST-0005,summer
15/04/2024,BEAR-6202,22,1804,retail,chittagong,INV-2024-0510,CUST-0042,summer
19/04/2024,BEAR-6202,9,738,retail,dhaka,INV-2024-0511,CUST-0014,summer
26/04/2024,BEAR-6202,79,6478,retail,sylhet,INV-2024-0512,CUST-0027,summer
05/04/2024,BEAR-6301,49,4410,retail,dhaka,INV-2024-0513,CUST-0036,summer
11/04/2024,BEAR-6301,5,450,wholesale,sylhet,INV-2024-0514,CUST-0019,summer
15/04/2024,BEAR-6301,6,540,wholesale,rajshahi,INV-2024-0515,CUST-0043,summer
19/04/2024,BEAR-6301,42,3780,retail,khulna,INV-2024-0516,CUST-0039,summer
24/04/2024,BEAR-6301,33,2970,wholesale,chittagong,INV-2024-0517,CUST-0019,summer
09/04/2024,CLUT-PLATE-100,13,3250,retail,barishal,INV-2024-0518,CUST-0024,summer
13/04/2024,CLUT-PLATE-100,3,750,retail,rangpur,INV-2024-0519,CUST-0037,summer
24/04/2024,CLUT-PLATE-100,14,3500,wholesale,chittagong,INV-2024-0520,CUST-0012,summer
10/04/2024,CLUT-PLATE-125,4,1160,retail,dhaka,INV-2024-0521,CUST-0026,summer
19/04/2024,CLUT-PLATE-125,18,5220,wholesale,chittagong,INV-2024-0522,CUST-0033,summer
03/04/2024,ENGN-OIL-10W30,35,11200,wholesale,dhaka,INV-2024-0523,CUST-0049,summer
12/04/2024,ENGN-OIL-10W30,4,1280,wholesale,khulna,INV-2024-0524,CUST-0005,summer
14/04/2024,ENGN-OIL-10W30,28,8960,retail,dhaka,INV-2024-0525,CUST-0016,summer
19/04/2024,ENGN-OIL-10W30,31,9920,retail,dhaka,INV-2024-0526,CUST-0028,summer
27/04/2024,ENGN-OIL-10W30,14,4480,wholesale,dhaka,INV-2024-0527,CUST-0004,summer
06/04/2024,ENGN-OIL-20W40,6,2100,wholesale,chittagong,INV-2024-0528,CUST-0047,summer
16/04/2024,ENGN-OIL-20W40,34,11900,retail,dhaka,INV-2024-0529,CUST-0048,summer
22/04/2024,ENGN-OIL-20W40,34,11900,retail,rajshahi,INV-2024-0530,CUST-0008,summer
12/04/2024,FORK-SEAL-100,15,1800,online,dhaka,INV-2024-0531,CUST-0041,summer
18/04/2024,FORK-SEAL-100,20,2400,retail,dhaka,INV-2024-0532,CUST-0024,summer
09/04/2024,SHCK-REAR-100,5,3900,retail,rajshahi,INV-2024-0533,CUST-0001,summer
13/04/2024,SHCK-REAR-100,3,2340,retail,dhaka,INV-2024-0534,CUST-0025,summer
21/04/2024,SHCK-REAR-100,1,780,retail,barishal,INV-2024-0535,CUST-0003,summer
05/04/2024,HEAD-LED-H4,2,1040,wholesale,dhaka,INV-2024-0536,CUST-0003,summer
08/04/2024,HEAD-LED-H4,2,1040,retail,rangpur,INV-2024-0537,CUST-0030,summer
17/04/2024,HEAD-LED-H4,7,3640,wholesale,khulna,INV-2024-0538,CUST-0020,summer
18/04/2024,HEAD-LED-H4,2,1040,wholesale,dhaka,INV-2024-0539,CUST-0001,summer
24/04/2024,HEAD-LED-H4,5,2600,retail,dhaka,INV-2024-0540,CUST-0020,summer
06/04/2024,HEAD-HALO-H4,8,1920,online,dhaka,INV-2024-0541,CUST-0002,summer
17/04/2024,HEAD-HALO-H4,11,2640,retail,dhaka,INV-2024-0542,CUST-0045,summer
21/04/2024,HEAD-HALO-H4,9,2160,online,khulna,INV-2024-0543,CUST-0001,summer
06/04/2024,TAIL-UNIV-A,15,2925,retail,dhaka,INV-2024-0544,CUST-0034,summer
08/04/2024,TAIL-UNIV-A,12,2340,online,chittagong,INV-2024-0545,CUST-0030,summer
14/04/2024,TAIL-UNIV-A,2,390,retail,mymensingh,INV-2024-0546,CUST-0007,summer
20/04/2024,TAIL-UNIV-A,9,1755,wholesale,chittagong,INV-2024-0547,CUST-0026,summer
23/04/2024,TAIL-UNIV-A,4,780,wholesale,dhaka,INV-2024-0548,CUST-0028,summer
08/04/2024,MIRR-ROUND-10,24,1872,retail,chittagong,INV-2024-0549,CUST-0013,summer
15/04/2024,MIRR-ROUND-10,26,2028,wholesale,dhaka,INV-2024-0550,CUST-0007,summer
22/04/2024,MIRR-ROUND-10,32,2496,retail,dhaka,INV-2024-0551,CUST-0030,summer
09/04/2024,HDLB-RAISED-22,5,1450,retail,dhaka,INV-2024-0552,CUST-0008,summer
21/04/2024,HDLB-RAISED-22,10,2900,wholesale,dhaka,INV-2024-0553,CUST-0020,summer
09/04/2024,SEAT-COMM-100,3,1050,online,rajshahi,INV-2024-0554,CUST-0026,summer
18/04/2024,SEAT-COMM-100,11,3850,wholesale,chittagong,INV-2024-0555,CUST-0017,summer
09/04/2024,TANK-FUEL-10L,1,1550,wholesale,chittagong,INV-2024-0556,CUST-0009,summer
14/04/2024,TANK-FUEL-10L,3,4650,retail,dhaka,INV-2024-0557,CUST-0050,summer
20/04/2024,TANK-FUEL-10L,2,3100,retail,mymensingh,INV-2024-0558,CUST-0026,summer
08/04/2024,EXHS-BAJ-100,6,4320,retail,mymensingh,INV-2024-0559,CUST-0042,summer
18/04/2024,EXHS-BAJ-100,3,2160,retail,chittagong,INV-2024-0560,CUST-0022,summer
06/04/2024,CARB-KEI-VM17,1,1200,retail,dhaka,INV-2024-0561,CUST-0010,summer
09/04/2024,CARB-KEI-VM17,2,2400,wholesale,dhaka,INV-2024-0562,CUST-0016,summer
15/04/2024,CARB-KEI-VM17,1,1200,retail,sylhet,INV-2024-0563,CUST-0036,summer
19/04/2024,CARB-KEI-VM17,1,1200,retail,chittagong,INV-2024-0564,CUST-0025,summer
24/04/2024,CARB-KEI-VM17,1,1200,retail,dhaka,INV-2024-0565,CUST-0034,summer
10/05/2024,PIST-BAJ-100,22,12760,retail,chittagong,INV-2024-0566,CUST-0037,summer
21/05/2024,PIST-BAJ-100,18,10440,retail,chittagong,INV-2024-0567,CUST-0012,summer
08/05/2024,PIST-BAJ-150,1,820,online,rajshahi,INV-2024-0568,CUST-0011,summer
17/05/2024,PIST-BAJ-150,14,11480,wholesale,dhaka,INV-2024-0569,CUST-0018,summer
23/05/2024,PIST-BAJ-150,5,4100,wholesale,chittagong,INV-2024-0570,CUST-0048,summer
06/05/2024,PIST-HERO-100,14,7140,wholesale,chittagong,INV-2024-0571,CUST-0045,summer
14/05/2024,PIST-HERO-100,25,12750,wholesale,dhaka,INV-2024-0572,CUST-0046,summer
22/05/2024,PIST-HERO-100,10,5100,online,rajshahi,INV-2024-0573,CUST-0037,summer
09/05/2024,PIST-HONDA-125,10,6400,retail,chittagong,INV-2024-0574,CUST-0015,summer
15/05/2024,PIST-HONDA-125,9,5760,retail,sylhet,INV-2024-0575,CUST-0031,summer
22/05/2024,PIST-HONDA-125,11,7040,online,dhaka,INV-2024-0576,CUST-0013,summer
04/05/2024,GASK-BAJ-100,19,4560,wholesale,rajshahi,INV-2024-0577,CUST-0024,summer
11/05/2024,GASK-BAJ-100,24,5760,retail,rangpur,INV-2024-0578,CUST-0043,summer
20/05/2024,GASK-BAJ-100,22,5280,retail,dhaka,INV-2024-0579,CUST-0020,summer
23/05/2024,GASK-BAJ-100,8,1920,online,dhaka,INV-2024-0580,CUST-0047,summer
05/05/2024,GASK-UNIV-125,10,2900,wholesale,dhaka,INV-2024-0581,CUST-0009,summer
09/05/2024,GASK-UNIV-125,3,870,retail,dhaka,INV-2024-0582,CUST-0045,summer
17/05/2024,GASK-UNIV-125,15,4350,retail,rangpur,INV-2024-0583,CUST-0050,summer
19/05/2024,GASK-UNIV-125,11,3190,retail,rangpur,INV-2024-0584,CUST-0039,summer
26/05/2024,GASK-UNIV-125,15,4350,wholesale,dhaka,INV-2024-0585,CUST-0040,summer
08/05/2024,CHAIN-428H,15,5250,retail,dhaka,INV-2024-0586,CUST-0041,summer
19/05/2024,CHAIN-428H,2,700,retail,barishal,INV-2024-0587,CUST-0046,summer
06/05/2024,CHAIN-420,13,2990,wholesale,dhaka,INV-2024-0588,CUST-0011,summer
10/05/2024,CHAIN-420,8,1840,retail,barishal,INV-2024-0589,CUST-0025,summer
16/05/2024,CHAIN-420,7,1610,retail,dhaka,INV-2024-0590,CUST-0031,summer
22/05/2024,CHAIN-420,2,460,wholesale,rajshahi,INV-2024-0591,CUST-0049,summer
05/05/2024,FILT-OIL-100,42,3990,retail,rangpur,INV-2024-0592,CUST-0011,summer
15/05/2024,FILT-OIL-100,75,7125,retail,barishal,INV-2024-0593,CUST-0005,summer
23/05/2024,FILT-OIL-100,3,285,online,chittagong,INV-2024-0594,CUST-0006,summer
03/05/2024,FILT-OIL-125,21,2310,wholesale,sylhet,INV-2024-0595,CUST-0047,summer
10/05/2024,FILT-OIL-125,12,1320,wholesale,chittagong,INV-2024-0596,CUST-0020,summer
14/05/2024,FILT-OIL-125,19,2090,retail,dhaka,INV-2024-0597,CUST-0037,summer
19/05/2024,FILT-OIL-125,17,1870,retail,chittagong,INV-2024-0598,CUST-0004,summer
26/05/2024,FILT-OIL-125,12,1320,retail,dhaka,INV-2024-0599,CUST-0019,summer
05/05/2024,FILT-AIR-100,28,2296,wholesale,dhaka,INV-2024-0600,CUST-0012,summer
11/05/2024,FILT-AIR-100,3,246,retail,dhaka,INV-2024-0601,CUST-0012,summer
16/05/2024,FILT-AIR-100,23,1886,retail,chittagong,INV-2024-0602,CUST-0030,summer
21/05/2024,FILT-AIR-100,39,3198,wholesale,dhaka,INV-2024-0603,CUST-0037,summer
25/05/2024,FILT-AIR-100,11,902,wholesale,dhaka,INV-2024-0604,CUST-0043,summer
07/05/2024,FILT-AIR-125,24,2160,online,sylhet,INV-2024-0605,CUST-0037,summer
14/05/2024,FILT-AIR-125,13,1170,retail,barishal,INV-2024-0606,CUST-0006,summer
19/05/2024,FILT-AIR-125,23,2070,online,dhaka,INV-2024-0607,CUST-0003,summer
26/05/2024,FILT-AIR-125,7,630,online,chittagong,INV-2024-0608,CUST-0037,summer
06/05/2024,BRKE-PAD-DISC,4,700,retail,dhaka,INV-2024-0609,CUST-0044,summer
14/05/2024,BRKE-PAD-DISC,29,5075,online,chittagong,INV-2024-0610,CUST-0041,summer
22/05/2024,BRKE-PAD-DISC,7,1225,wholesale,dhaka,INV-2024-0611,CUST-0021,summer
12/05/2024,BRKE-PAD-DRUM,8,1080,wholesale,khulna,INV-2024-0612,CUST-0001,summer
20/05/2024,BRKE-PAD-DRUM,51,6885,wholesale,rajshahi,INV-2024-0613,CUST-0034,summer
12/05/2024,TIRE-100-18,9,9900,online,rajshahi,INV-2024-0614,CUST-0007,summer
22/05/2024,TIRE-100-18,3,3300,retail,chittagong,INV-2024-0615,CUST-0019,summer
07/05/2024,TIRE-100-17,6,5880,wholesale,chittagong,INV-2024-0616,CUST-0044,summer
10/05/2024,TIRE-100-17,2,1960,retail,sylhet,INV-2024-0617,CUST-0022,summer
17/05/2024,TIRE-100-17,4,3920,retail,sylhet,INV-2024-0618,CUST-0031,summer
24/05/2024,TIRE-100-17,4,3920,online,barishal,INV-2024-0619,CUST-0002,summer
05/05/2024,TIRE-125-18,1,1350,retail,rajshahi,INV-2024-0620,CUST-0047,summer
11/05/2024,TIRE-125-18,2,2700,wholesale,chittagong,INV-2024-0621,CUST-0013,summer
18/05/2024,TIRE-125-18,2,2700,online,chittagong,INV-2024-0622,CUST-0027,summer
25/05/2024,TIRE-125-18,2,2700,wholesale,rajshahi,INV-2024-0623,CUST-0024,summer
09/05/2024,BATT-12V7A,1,1500,online,dhaka,INV-2024-0624,CUST-0013,summer
17/05/2024,BATT-12V7A,11,16500,retail,khulna,INV-2024-0625,CUST-0030,summer
21/05/2024,BATT-12V7A,7,10500,retail,dhaka,INV-2024-0626,CUST-0013,summer
07/05/2024,BATT-12V9A,3,5250,retail,chittagong,INV-2024-0627,CUST-0017,summer
11/05/2024,BATT-12V9A,4,7000,wholesale,rajshahi,INV-2024-0628,CUST-0019,summer
14/05/2024,BATT-12V9A,1,1750,retail,dhaka,INV-2024-0629,CUST-0037,summer
21/05/2024,BATT-12V9A,1,1750,retail,rajshahi,INV-2024-0630,CUST-0015,summer
27/05/2024,BATT-12V9A,2,3500,wholesale,sylhet,INV-2024-0631,CUST-0018,summer
08/05/2024,SPRK-NGK-C4HSA,70,9100,wholesale,barishal,INV-2024-0632,CUST-0039,summer
21/05/2024,SPRK-NGK-C4HSA,79,10270,retail,khulna,INV-2024-0633,CUST-0039,summer
06/05/2024,SPRK-NGK-BPR6ES,29,4205,wholesale,chittagong,INV-2024-0634,CUST-0040,summer
13/05/2024,SPRK-NGK-BPR6ES,28,4060,retail,dhaka,INV-2024-0635,CUST-0033,summer
18/05/2024,SPRK-NGK-BPR6ES,11,1595,online,mymensingh,INV-2024-0636,CUST-0024,summer
23/05/2024,SPRK-NGK-BPR6ES,36,5220,wholesale,chittagong,INV-2024-0637,CUST-0019,summer
10/05/2024,CABL-CLUTCH-100,18,2250,retail,khulna,INV-2024-0638,CUST-0046,summer
20/05/2024,CABL-CLUTCH-100,13,1625,wholesale,rangpur,INV-2024-0639,CUST-0013,summer
09/05/2024,CABL-THROT-100,12,1296,wholesale,sylhet,INV-2024-0640,CUST-0042,summer
16/05/2024,CABL-THROT-100,11,1188,retail,chittagong,INV-2024-0641,CUST-0027,summer
23/05/2024,CABL-THROT-100,11,1188,wholesale,chittagong,INV-2024-0642,CUST-0038,summer
08/05/2024,CABL-SPED-100,6,570,retail,dhaka,INV-2024-0643,CUST-0043,summer
15/05/2024,CABL-SPED-100,11,1045,retail,khulna,INV-2024-0644,CUST-0007,summer
25/05/2024,CABL-SPED-100,11,1045,wholesale,chittagong,INV-2024-0645,CUST-0047,summer
06/05/2024,BEAR-6201,71,5325,retail,rajshahi,INV-2024-0646,CUST-0022,summer
15/05/2024,BEAR-6201,67,5025,wholesale,dhaka,INV-2024-0647,CUST-0030,summer
22/05/2024,BEAR-6201,49,3675,retail,khulna,INV-2024-0648,CUST-0041,summer
08/05/2024,BEAR-6202,103,8446,retail,chittagong,INV-2024-0649,CUST-0010,summer
21/05/2024,BEAR-6202,43,3526,retail,dhaka,INV-2024-0650,CUST-0027,summer
05/05/2024,BEAR-6301,10,900,wholesale,dhaka,INV-2024-0651,CUST-0037,summer
08/05/2024,BEAR-6301,58,5220,retail,rajshahi,INV-2024-0652,CUST-0049,summer
13/05/2024,BEAR-6301,12,1080,retail,rajshahi,INV-2024-0653,CUST-0028,summer
21/05/2024,BEAR-6301,6,540,retail,sylhet,INV-2024-0654,CUST-0031,summer
25/05/2024,BEAR-6301,23,2070,retail,dhaka,INV-2024-0655,CUST-0013,summer
12/05/2024,CLUT-PLATE-100,12,3000,retail,dhaka,INV-2024-0656,CUST-0047,summer
19/05/2024,CLUT-PLATE-100,10,2500,wholesale,dhaka,INV-2024-0657,CUST-0023,summer
09/05/2024,CLUT-PLATE-125,6,1740,retail,khulna,INV-2024-0658,CUST-0019,summer
18/05/2024,CLUT-PLATE-125,8,2320,wholesale,chittagong,INV-2024-0659,CUST-0034,summer
06/05/2024,ENGN-OIL-10W30,16,5120,wholesale,dhaka,INV-2024-0660,CUST-0009,summer
16/05/2024,ENGN-OIL-10W30,40,12800,retail,dhaka,INV-2024-0661,CUST-0033,summer
21/05/2024,ENGN-OIL-10W30,16,5120,retail,dhaka,INV-2024-0662,CUST-0042,summer
03/05/2024,ENGN-OIL-20W40,20,7000,retail,chittagong,INV-2024-0663,CUST-0017,summer
08/05/2024,ENGN-OIL-20W40,6,2100,retail,chittagong,INV-2024-0664,CUST-0045,summer
13/05/2024,ENGN-OIL-20W40,12,4200,retail,sylhet,INV-2024-0665,CUST-0027,summer
18/05/2024,ENGN-OIL-20W40,1,350,wholesale,sylhet,INV-2024-0666,CUST-0018,summer
26/05/2024,ENGN-OIL-20W40,23,8050,wholesale,sylhet,INV-2024-0667,CUST-0027,summer
10/05/2024,FORK-SEAL-100,12,1440,retail,rajshahi,INV-2024-0668,CUST-0039,summer
18/05/2024,FORK-SEAL-100,14,1680,retail,dhaka,INV-2024-0669,CUST-0034,summer
07/05/2024,SHCK-REAR-100,4,3120,retail,dhaka,INV-2024-0670,CUST-0008,summer
12/05/2024,SHCK-REAR-100,1,780,wholesale,khulna,INV-2024-0671,CUST-0010,summer
17/05/2024,SHCK-REAR-100,1,780,wholesale,rangpur,INV-2024-0672,CUST-0005,summer
22/05/2024,SHCK-REAR-100,3,2340,retail,rajshahi,INV-2024-0673,CUST-0017,summer
03/05/2024,HEAD-LED-H4,7,3640,retail,rajshahi,INV-2024-0674,CUST-0049,summer
10/05/2024,HEAD-LED-H4,2,1040,retail,barishal,INV-2024-0675,CUST-0009,summer
15/05/2024,HEAD-LED-H4,3,1560,retail,sylhet,INV-2024-0676,CUST-0023,summer
20/05/2024,HEAD-LED-H4,1,520,online,barishal,INV-2024-0677,CUST-0018,summer
26/05/2024,HEAD-LED-H4,1,520,retail,khulna,INV-2024-0678,CUST-0022,summer
06/05/2024,HEAD-HALO-H4,2,480,wholesale,mymensingh,INV-2024-0679,CUST-0007,summer
09/05/2024,HEAD-HALO-H4,3,720,wholesale,chittagong,INV-2024-0680,CUST-0037,summer
13/05/2024,HEAD-HALO-H4,5,1200,retail,sylhet,INV-2024-0681,CUST-0025,summer
19/05/2024,HEAD-HALO-H4,4,960,wholesale,rajshahi,INV-2024-0682,CUST-0044,summer
23/05/2024,HEAD-HALO-H4,3,720,wholesale,khulna,INV-2024-0683,CUST-0009,summer
07/05/2024,TAIL-UNIV-A,3,585,wholesale,chittagong,INV-2024-0684,CUST-0040,summer
12/05/2024,TAIL-UNIV-A,10,1950,wholesale,dhaka,INV-2024-0685,CUST-0016,summer
17/05/2024,TAIL-UNIV-A,1,195,wholesale,chittagong,INV-2024-0686,CUST-0042,summer
19/05/2024,TAIL-UNIV-A,6,1170,wholesale,dhaka,INV-2024-0687,CUST-0036,summer
25/05/2024,TAIL-UNIV-A,8,1560,wholesale,barishal,INV-2024-0688,CUST-0001,summer
06/05/2024,MIRR-ROUND-10,20,1560,retail,dhaka,INV-2024-0689,CUST-0018,summer
13/05/2024,MIRR-ROUND-10,19,1482,retail,dhaka,INV-2024-0690,CUST-0042,summer
24/05/2024,MIRR-ROUND-10,20,1560,wholesale,dhaka,INV-2024-0691,CUST-0006,summer
03/05/2024,HDLB-RAISED-22,1,290,retail,chittagong,INV-2024-0692,CUST-0006,summer
08/05/2024,HDLB-RAISED-22,2,580,online,rajshahi,INV-2024-0693,CUST-0041,summer
16/05/2024,HDLB-RAISED-22,1,290,wholesale,dhaka,INV-2024-0694,CUST-0014,summer
21/05/2024,HDLB-RAISED-22,4,1160,retail,sylhet,INV-2024-0695,CUST-0022,summer
23/05/2024,HDLB-RAISED-22,3,870,retail,dhaka,INV-2024-0696,CUST-0015,summer
07/05/2024,SEAT-COMM-100,2,700,retail,dhaka,INV-2024-0697,CUST-0041,summer
10/05/2024,SEAT-COMM-100,3,1050,retail,rangpur,INV-2024-0698,CUST-0034,summer
16/05/2024,SEAT-COMM-100,2,700,retail,dhaka,INV-2024-0699,CUST-0011,summer
23/05/2024,SEAT-COMM-100,3,1050,wholesale,chittagong,INV-2024-0700,CUST-0048,summer
08/05/2024,TANK-FUEL-10L,2,3100,wholesale,dhaka,INV-2024-0701,CUST-0013,summer
21/05/2024,TANK-FUEL-10L,2,3100,retail,rajshahi,INV-2024-0702,CUST-0027,summer
12/05/2024,EXHS-BAJ-100,4,2880,retail,dhaka,INV-2024-0703,CUST-0034,summer
22/05/2024,EXHS-BAJ-100,2,1440,wholesale,rajshahi,INV-2024-0704,CUST-0028,summer
04/05/2024,CARB-KEI-VM17,1,1200,wholesale,barishal,INV-2024-0705,CUST-0025,summer
08/05/2024,CARB-KEI-VM17,1,1200,wholesale,chittagong,INV-2024-0706,CUST-0045,summer
16/05/2024,CARB-KEI-VM17,1,1200,retail,rajshahi,INV-2024-0707,CUST-0022,summer
22/05/2024,CARB-KEI-VM17,1,1200,retail,mymensingh,INV-2024-0708,CUST-0009,summer
27/05/2024,CARB-KEI-VM17,1,1200,wholesale,dhaka,INV-2024-0709,CUST-0048,summer
08/06/2024,PIST-BAJ-100,10,5800,wholesale,mymensingh,INV-2024-0710,CUST-0012,monsoon
12/06/2024,PIST-BAJ-100,14,8120,wholesale,chittagong,INV-2024-0711,CUST-0021,monsoon
18/06/2024,PIST-BAJ-100,9,5220,wholesale,rajshahi,INV-2024-0712,CUST-0036,monsoon
23/06/2024,PIST-BAJ-100,3,1740,wholesale,chittagong,INV-2024-0713,CUST-0043,monsoon
05/06/2024,PIST-BAJ-150,13,10660,wholesale,dhaka,INV-2024-0714,CUST-0019,monsoon
10/06/2024,PIST-BAJ-150,6,4920,retail,sylhet,INV-2024-0715,CUST-0004,monsoon
16/06/2024,PIST-BAJ-150,1,820,retail,sylhet,INV-2024-0716,CUST-0049,monsoon
23/06/2024,PIST-BAJ-150,1,820,retail,chittagong,INV-2024-0717,CUST-0029,monsoon
07/06/2024,PIST-HERO-100,20,10200,online,dhaka,INV-2024-0718,CUST-0044,monsoon
13/06/2024,PIST-HERO-100,15,7650,wholesale,dhaka,INV-2024-0719,CUST-0001,monsoon
23/06/2024,PIST-HERO-100,7,3570,retail,rajshahi,INV-2024-0720,CUST-0050,monsoon
07/06/2024,PIST-HONDA-125,7,4480,online,chittagong,INV-2024-0721,CUST-0005,monsoon
12/06/2024,PIST-HONDA-125,7,4480,retail,dhaka,INV-2024-0722,CUST-0033,monsoon
14/06/2024,PIST-HONDA-125,6,3840,retail,dhaka,INV-2024-0723,CUST-0018,monsoon
19/06/2024,PIST-HONDA-125,5,3200,retail,chittagong,INV-2024-0724,CUST-0038,monsoon
25/06/2024,PIST-HONDA-125,6,3840,retail,khulna,INV-2024-0725,CUST-0030,monsoon
09/06/2024,GASK-BAJ-100,2,480,wholesale,rajshahi,INV-2024-0726,CUST-0005,monsoon
15/06/2024,GASK-BAJ-100,36,8640,retail,rajshahi,INV-2024-0727,CUST-0015,monsoon
23/06/2024,GASK-BAJ-100,22,5280,wholesale,rangpur,INV-2024-0728,CUST-0033,monsoon
07/06/2024,GASK-UNIV-125,3,870,retail,dhaka,INV-2024-0729,CUST-0016,monsoon
12/06/2024,GASK-UNIV-125,6,1740,wholesale,barishal,INV-2024-0730,CUST-0040,monsoon
16/06/2024,GASK-UNIV-125,6,1740,retail,dhaka,INV-2024-0731,CUST-0021,monsoon
22/06/2024,GASK-UNIV-125,10,2900,wholesale,dhaka,INV-2024-0732,CUST-0008,monsoon
23/06/2024,GASK-UNIV-125,11,3190,wholesale,dhaka,INV-2024-0733,CUST-0019,monsoon
05/06/2024,CHAIN-428H,4,1400,retail,rangpur,INV-2024-0734,CUST-0050,monsoon
12/06/2024,CHAIN-428H,4,1400,retail,chittagong,INV-2024-0735,CUST-0005,monsoon
20/06/2024,CHAIN-428H,4,1400,wholesale,dhaka,INV-2024-0736,CUST-0014,monsoon
22/06/2024,CHAIN-428H,2,700,retail,khulna,INV-2024-0737,CUST-0007,monsoon
05/06/2024,CHAIN-420,5,1150,retail,dhaka,INV-2024-0738,CUST-0005,monsoon
08/06/2024,CHAIN-420,7,1610,retail,chittagong,INV-2024-0739,CUST-0017,monsoon
13/06/2024,CHAIN-420,6,1380,retail,chittagong,INV-2024-0740,CUST-0026,monsoon
18/06/2024,CHAIN-420,1,230,retail,chittagong,INV-2024-0741,CUST-0044,monsoon
23/06/2024,CHAIN-420,3,690,retail,dhaka,INV-2024-0742,CUST-0047,monsoon
12/06/2024,FILT-OIL-100,90,8550,wholesale,dhaka,INV-2024-0743,CUST-0039,monsoon
18/06/2024,FILT-OIL-100,9,855,wholesale,dhaka,INV-2024-0744,CUST-0029,monsoon
09/06/2024,FILT-OIL-125,32,3520,wholesale,rajshahi,INV-2024-0745,CUST-0019,monsoon
21/06/2024,FILT-OIL-125,37,4070,retail,rangpur,INV-2024-0746,CUST-0044,monsoon
04/06/2024,FILT-AIR-100,43,3526,wholesale,dhaka,INV-2024-0747,CUST-0006,monsoon
10/06/2024,FILT-AIR-100,1,82,wholesale,dhaka,INV-2024-0748,CUST-0047,monsoon
20/06/2024,FILT-AIR-100,39,3198,retail,dhaka,INV-2024-0749,CUST-0042,monsoon
26/06/2024,FILT-AIR-100,6,492,retail,khulna,INV-2024-0750,CUST-0012,monsoon
08/06/2024,FILT-AIR-125,6,540,retail,dhaka,INV-2024-0751,CUST-0007,monsoon
13/06/2024,FILT-AIR-125,5,450,wholesale,dhaka,INV-2024-0752,CUST-0022,monsoon
20/06/2024,FILT-AIR-125,23,2070,wholesale,dhaka,INV-2024-0753,CUST-0016,monsoon
22/06/2024,FILT-AIR-125,25,2250,wholesale,dhaka,INV-2024-0754,CUST-0013,monsoon
05/06/2024,BRKE-PAD-DISC,4,700,retail,dhaka,INV-2024-0755,CUST-0048,monsoon
11/06/2024,BRKE-PAD-DISC,8,1400,retail,sylhet,INV-2024-0756,CUST-0024,monsoon
14/06/2024,BRKE-PAD-DISC,9,1575,wholesale,dhaka,INV-2024-0757,CUST-0031,monsoon
18/06/2024,BRKE-PAD-DISC,2,350,retail,chittagong,INV-2024-0758,CUST-0020,monsoon
25/06/2024,BRKE-PAD-DISC,7,1225,retail,chittagong,INV-2024-0759,CUST-0042,monsoon
04/06/2024,BRKE-PAD-DRUM,22,2970,wholesale,khulna,INV-2024-0760,CUST-0050,monsoon
10/06/2024,BRKE-PAD-DRUM,3,405,online,chittagong,INV-2024-0761,CUST-0036,monsoon
20/06/2024,BRKE-PAD-DRUM,13,1755,online,dhaka,INV-2024-0762,CUST-0035,monsoon
22/06/2024,BRKE-PAD-DRUM,7,945,wholesale,chittagong,INV-2024-0763,CUST-0024,monsoon
04/06/2024,TIRE-100-18,1,1100,retail,rajshahi,INV-2024-0764,CUST-0011,monsoon
11/06/2024,TIRE-100-18,4,4400,online,dhaka,INV-2024-0765,CUST-0043,monsoon
20/06/2024,TIRE-100-18,1,1100,retail,khulna,INV-2024-0766,CUST-0047,monsoon
23/06/2024,TIRE-100-18,3,3300,retail,chittagong,INV-2024-0767,CUST-0015,monsoon
06/06/2024,TIRE-100-17,2,1960,online,dhaka,INV-2024-0768,CUST-0003,monsoon
17/06/2024,TIRE-100-17,10,9800,wholesale,dhaka,INV-2024-0769,CUST-0007,monsoon
22/06/2024,TIRE-100-17,1,980,wholesale,rajshahi,INV-2024-0770,CUST-0018,monsoon
08/06/2024,TIRE-125-18,3,4050,retail,chittagong,INV-2024-0771,CUST-0023,monsoon
12/06/2024,TIRE-125-18,2,2700,retail,chittagong,INV-2024-0772,CUST-0039,monsoon
19/06/2024,TIRE-125-18,1,1350,online,dhaka,INV-2024-0773,CUST-0029,monsoon
23/06/2024,TIRE-125-18,1,1350,retail,dhaka,INV-2024-0774,CUST-0042,monsoon
05/06/2024,BATT-12V7A,2,3000,wholesale,khulna,INV-2024-0775,CUST-0031,monsoon
14/06/2024,BATT-12V7A,4,6000,retail,sylhet,INV-2024-0776,CUST-0038,monsoon
23/06/2024,BATT-12V7A,7,10500,wholesale,dhaka,INV-2024-0777,CUST-0002,monsoon
05/06/2024,BATT-12V9A,4,7000,retail,dhaka,INV-2024-0778,CUST-0012,monsoon
17/06/2024,BATT-12V9A,1,1750,retail,chittagong,INV-2024-0779,CUST-0037,monsoon
21/06/2024,BATT-12V9A,4,7000,online,sylhet,INV-2024-0780,CUST-0047,monsoon
05/06/2024,SPRK-NGK-C4HSA,53,6890,wholesale,dhaka,INV-2024-0781,CUST-0050,monsoon
11/06/2024,SPRK-NGK-C4HSA,12,1560,wholesale,dhaka,INV-2024-0782,CUST-0017,monsoon
19/06/2024,SPRK-NGK-C4HSA,34,4420,wholesale,dhaka,INV-2024-0783,CUST-0030,monsoon
26/06/2024,SPRK-NGK-C4HSA,27,3510,retail,chittagong,INV-2024-0784,CUST-0025,monsoon
12/06/2024,SPRK-NGK-BPR6ES,2,290,wholesale,khulna,INV-2024-0785,CUST-0012,monsoon
21/06/2024,SPRK-NGK-BPR6ES,75,10875,wholesale,chittagong,INV-2024-0786,CUST-0003,monsoon
12/06/2024,CABL-CLUTCH-100,4,500,online,khulna,INV-2024-0787,CUST-0050,monsoon
22/06/2024,CABL-CLUTCH-100,27,3375,retail,sylhet,INV-2024-0788,CUST-0027,monsoon
11/06/2024,CABL-THROT-100,19,2052,wholesale,dhaka,INV-2024-0789,CUST-0049,monsoon
21/06/2024,CABL-THROT-100,12,1296,wholesale,khulna,INV-2024-0790,CUST-0028,monsoon
05/06/2024,CABL-SPED-100,5,475,wholesale,chittagong,INV-2024-0791,CUST-0025,monsoon
09/06/2024,CABL-SPED-100,6,570,wholesale,sylhet,INV-2024-0792,CUST-0021,monsoon
13/06/2024,CABL-SPED-100,1,95,retail,chittagong,INV-2024-0793,CUST-0028,monsoon
18/06/2024,CABL-SPED-100,4,380,retail,sylhet,INV-2024-0794,CUST-0035,monsoon
27/06/2024,CABL-SPED-100,4,380,retail,chittagong,INV-2024-0795,CUST-0018,monsoon
06/06/2024,BEAR-6201,44,3300,retail,rajshahi,INV-2024-0796,CUST-0009,monsoon
10/06/2024,BEAR-6201,24,1800,wholesale,khulna,INV-2024-0797,CUST-0048,monsoon
15/06/2024,BEAR-6201,46,3450,wholesale,dhaka,INV-2024-0798,CUST-0011,monsoon
22/06/2024,BEAR-6201,28,2100,wholesale,dhaka,INV-2024-0799,CUST-0022,monsoon
25/06/2024,BEAR-6201,23,1725,wholesale,khulna,INV-2024-0800,CUST-0044,monsoon
06/06/2024,BEAR-6202,27,2214,retail,chittagong,INV-2024-0801,CUST-0015,monsoon
16/06/2024,BEAR-6202,44,3608,wholesale,dhaka,INV-2024-0802,CUST-0047,monsoon
24/06/2024,BEAR-6202,56,4592,online,dhaka,INV-2024-0803,CUST-0040,monsoon
07/06/2024,BEAR-6301,19,1710,retail,dhaka,INV-2024-0804,CUST-0039,monsoon
10/06/2024,BEAR-6301,16,1440,wholesale,chittagong,INV-2024-0805,CUST-0040,monsoon
17/06/2024,BEAR-6301,26,2340,retail,dhaka,INV-2024-0806,CUST-0016,monsoon
26/06/2024,BEAR-6301,23,2070,online,sylhet,INV-2024-0807,CUST-0006,monsoon
03/06/2024,CLUT-PLATE-100,2,500,online,dhaka,INV-2024-0808,CUST-0018,monsoon
12/06/2024,CLUT-PLATE-100,3,750,online,dhaka,INV-2024-0809,CUST-0030,monsoon
15/06/2024,CLUT-PLATE-100,5,1250,wholesale,barishal,INV-2024-0810,CUST-0017,monsoon
22/06/2024,CLUT-PLATE-100,4,1000,wholesale,dhaka,INV-2024-0811,CUST-0036,monsoon
27/06/2024,CLUT-PLATE-100,6,1500,retail,dhaka,INV-2024-0812,CUST-0008,monsoon
07/06/2024,CLUT-PLATE-125,4,1160,online,rajshahi,INV-2024-0813,CUST-0030,monsoon
14/06/2024,CLUT-PLATE-125,4,1160,online,sylhet,INV-2024-0814,CUST-0002,monsoon
19/06/2024,CLUT-PLATE-125,3,870,retail,chittagong,INV-2024-0815,CUST-0025,monsoon
23/06/2024,CLUT-PLATE-125,3,870,online,sylhet,INV-2024-0816,CUST-0044,monsoon
06/06/2024,ENGN-OIL-10W30,14,4480,wholesale,dhaka,INV-2024-0817,CUST-0022,monsoon
11/06/2024,ENGN-OIL-10W30,12,3840,online,dhaka,INV-2024-0818,CUST-0031,monsoon
18/06/2024,ENGN-OIL-10W30,18,5760,retail,dhaka,INV-2024-0819,CUST-0037,monsoon
22/06/2024,ENGN-OIL-10W30,24,7680,online,dhaka,INV-2024-0820,CUST-0044,monsoon
06/06/2024,ENGN-OIL-20W40,19,6650,wholesale,khulna,INV-2024-0821,CUST-0023,monsoon
14/06/2024,ENGN-OIL-20W40,7,2450,retail,dhaka,INV-2024-0822,CUST-0006,monsoon
21/06/2024,ENGN-OIL-20W40,28,9800,wholesale,sylhet,INV-2024-0823,CUST-0040,monsoon
10/06/2024,FORK-SEAL-100,12,1440,online,barishal,INV-2024-0824,CUST-0037,monsoon
21/06/2024,FORK-SEAL-100,5,600,retail,khulna,INV-2024-0825,CUST-0049,monsoon
07/06/2024,SHCK-REAR-100,2,1560,online,dhaka,INV-2024-0826,CUST-0050,monsoon
14/06/2024,SHCK-REAR-100,3,2340,online,dhaka,INV-2024-0827,CUST-0045,monsoon
16/06/2024,SHCK-REAR-100,1,780,retail,chittagong,INV-2024-0828,CUST-0001,monsoon
26/06/2024,SHCK-REAR-100,1,780,retail,dhaka,INV-2024-0829,CUST-0038,monsoon
07/06/2024,HEAD-LED-H4,4,2080,retail,dhaka,INV-2024-0830,CUST-0027,monsoon
14/06/2024,HEAD-LED-H4,2,1040,retail,rajshahi,INV-2024-0831,CUST-0026,monsoon
18/06/2024,HEAD-LED-H4,3,1560,retail,dhaka,INV-2024-0832,CUST-0009,monsoon
24/06/2024,HEAD-LED-H4,1,520,wholesale,mymensingh,INV-2024-0833,CUST-0007,monsoon
06/06/2024,HEAD-HALO-H4,6,1440,retail,dhaka,INV-2024-0834,CUST-0041,monsoon
16/06/2024,HEAD-HALO-H4,9,2160,wholesale,chittagong,INV-2024-0835,CUST-0032,monsoon
20/06/2024,HEAD-HALO-H4,2,480,wholesale,dhaka,INV-2024-0836,CUST-0037,monsoon
10/06/2024,TAIL-UNIV-A,19,3705,retail,khulna,INV-2024-0837,CUST-0048,monsoon
21/06/2024,TAIL-UNIV-A,2,390,retail,dhaka,INV-2024-0838,CUST-0036,monsoon
08/06/2024,MIRR-ROUND-10,9,702,wholesale,sylhet,INV-2024-0839,CUST-0050,monsoon
11/06/2024,MIRR-ROUND-10,11,858,retail,dhaka,INV-2024-0840,CUST-0033,monsoon
20/06/2024,MIRR-ROUND-10,10,780,wholesale,chittagong,INV-2024-0841,CUST-0006,monsoon
26/06/2024,MIRR-ROUND-10,19,1482,retail,dhaka,INV-2024-0842,CUST-0041,monsoon
09/06/2024,HDLB-RAISED-22,4,1160,retail,khulna,INV-2024-0843,CUST-0011,monsoon
17/06/2024,HDLB-RAISED-22,5,1450,retail,dhaka,INV-2024-0844,CUST-0042,monsoon
23/06/2024,HDLB-RAISED-22,2,580,retail,dhaka,INV-2024-0845,CUST-0042,monsoon
04/06/2024,SEAT-COMM-100,2,700,online,sylhet,INV-2024-0846,CUST-0045,monsoon
09/06/2024,SEAT-COMM-100,2,700,retail,rajshahi,INV-2024-0847,CUST-0026,monsoon
13/06/2024,SEAT-COMM-100,2,700,retail,dhaka,INV-2024-0848,CUST-0031,monsoon
19/06/2024,SEAT-COMM-100,1,350,retail,chittagong,INV-2024-0849,CUST-0026,monsoon
24/06/2024,SEAT-COMM-100,1,350,online,chittagong,INV-2024-0850,CUST-0007,monsoon
06/06/2024,TANK-FUEL-10L,1,1550,retail,sylhet,INV-2024-0851,CUST-0011,monsoon
15/06/2024,TANK-FUEL-10L,2,3100,wholesale,dhaka,INV-2024-0852,CUST-0021,monsoon
23/06/2024,TANK-FUEL-10L,1,1550,retail,khulna,INV-2024-0853,CUST-0035,monsoon
07/06/2024,EXHS-BAJ-100,1,720,retail,barishal,INV-2024-0854,CUST-0015,monsoon
11/06/2024,EXHS-BAJ-100,2,1440,retail,khulna,INV-2024-0855,CUST-0024,monsoon
17/06/2024,EXHS-BAJ-100,1,720,retail,chittagong,INV-2024-0856,CUST-0001,monsoon
22/06/2024,EXHS-BAJ-100,1,720,wholesale,dhaka,INV-2024-0857,CUST-0009,monsoon
25/06/2024,EXHS-BAJ-100,1,720,retail,dhaka,INV-2024-0858,CUST-0001,monsoon
03/06/2024,CARB-KEI-VM17,2,2400,retail,barishal,INV-2024-0859,CUST-0016,monsoon
12/06/2024,CARB-KEI-VM17,1,1200,wholesale,dhaka,INV-2024-0860,CUST-0025,monsoon
15/06/2024,CARB-KEI-VM17,1,1200,retail,khulna,INV-2024-0861,CUST-0006,monsoon
19/06/2024,CARB-KEI-VM17,1,1200,retail,chittagong,INV-2024-0862,CUST-0049,monsoon
26/06/2024,CARB-KEI-VM17,1,1200,wholesale,rajshahi,INV-2024-0863,CUST-0045,monsoon
04/07/2024,PIST-BAJ-100,13,7540,retail,dhaka,INV-2024-0864,CUST-0029,monsoon
11/07/2024,PIST-BAJ-100,11,6380,wholesale,dhaka,INV-2024-0865,CUST-0013,monsoon
17/07/2024,PIST-BAJ-100,5,2900,retail,dhaka,INV-2024-0866,CUST-0035,monsoon
24/07/2024,PIST-BAJ-100,4,2320,online,dhaka,INV-2024-0867,CUST-0019,monsoon
05/07/2024,PIST-BAJ-150,6,4920,wholesale,dhaka,INV-2024-0868,CUST-0010,monsoon
11/07/2024,PIST-BAJ-150,2,1640,wholesale,dhaka,INV-2024-0869,CUST-0005,monsoon
15/07/2024,PIST-BAJ-150,1,820,retail,chittagong,INV-2024-0870,CUST-0017,monsoon
21/07/2024,PIST-BAJ-150,4,3280,wholesale,khulna,INV-2024-0871,CUST-0008,monsoon
23/07/2024,PIST-BAJ-150,3,2460,wholesale,mymensingh,INV-2024-0872,CUST-0025,monsoon
06/07/2024,PIST-HERO-100,5,2550,retail,sylhet,INV-2024-0873,CUST-0036,monsoon
11/07/2024,PIST-HERO-100,19,9690,retail,chittagong,INV-2024-0874,CUST-0041,monsoon
15/07/2024,PIST-HERO-100,4,2040,retail,dhaka,INV-2024-0875,CUST-0004,monsoon
20/07/2024,PIST-HERO-100,15,7650,retail,khulna,INV-2024-0876,CUST-0008,monsoon
24/07/2024,PIST-HERO-100,2,1020,retail,dhaka,INV-2024-0877,CUST-0001,monsoon
08/07/2024,PIST-HONDA-125,6,3840,retail,dhaka,INV-2024-0878,CUST-0011,monsoon
13/07/2024,PIST-HONDA-125,4,2560,wholesale,chittagong,INV-2024-0879,CUST-0022,monsoon
20/07/2024,PIST-HONDA-125,2,1280,online,rangpur,INV-2024-0880,CUST-0041,monsoon
23/07/2024,PIST-HONDA-125,10,6400,retail,dhaka,INV-2024-0881,CUST-0010,monsoon
12/07/2024,GASK-BAJ-100,18,4320,retail,khulna,INV-2024-0882,CUST-0013,monsoon
20/07/2024,GASK-BAJ-100,34,8160,retail,dhaka,INV-2024-0883,CUST-0047,monsoon
10/07/2024,GASK-UNIV-125,16,4640,retail,sylhet,INV-2024-0884,CUST-0012,monsoon
22/07/2024,GASK-UNIV-125,15,4350,retail,chittagong,INV-2024-0885,CUST-0030,monsoon
07/07/2024,CHAIN-428H,2,700,wholesale,chittagong,INV-2024-0886,CUST-0033,monsoon
17/07/2024,CHAIN-428H,4,1400,retail,dhaka,INV-2024-0887,CUST-0002,monsoon
23/07/2024,CHAIN-428H,7,2450,retail,sylhet,INV-2024-0888,CUST-0040,monsoon
11/07/2024,CHAIN-420,10,2300,retail,chittagong,INV-2024-0889,CUST-0036,monsoon
19/07/2024,CHAIN-420,9,2070,retail,dhaka,INV-2024-0890,CUST-0027,monsoon
08/07/2024,FILT-OIL-100,11,1045,retail,dhaka,INV-2024-0891,CUST-0007,monsoon
19/07/2024,FILT-OIL-100,77,7315,retail,chittagong,INV-2024-0892,CUST-0037,monsoon
07/07/2024,FILT-OIL-125,17,1870,wholesale,barishal,INV-2024-0893,CUST-0030,monsoon
08/07/2024,FILT-OIL-125,14,1540,retail,khulna,INV-2024-0894,CUST-0036,monsoon
13/07/2024,FILT-OIL-125,18,1980,online,rajshahi,INV-2024-0895,CUST-0024,monsoon
19/07/2024,FILT-OIL-125,7,770,retail,rajshahi,INV-2024-0896,CUST-0040,monsoon
26/07/2024,FILT-OIL-125,10,1100,retail,dhaka,INV-2024-0897,CUST-0005,monsoon
08/07/2024,FILT-AIR-100,38,3116,wholesale,rajshahi,INV-2024-0898,CUST-0013,monsoon
18/07/2024,FILT-AIR-100,39,3198,wholesale,dhaka,INV-2024-0899,CUST-0037,monsoon
09/07/2024,FILT-AIR-125,17,1530,retail,rajshahi,INV-2024-0900,CUST-0007,monsoon
15/07/2024,FILT-AIR-125,17,1530,retail,dhaka,INV-2024-0901,CUST-0026,monsoon
24/07/2024,FILT-AIR-125,24,2160,wholesale,chittagong,INV-2024-0902,CUST-0035,monsoon
06/07/2024,BRKE-PAD-DISC,7,1225,retail,chittagong,INV-2024-0903,CUST-0050,monsoon
11/07/2024,BRKE-PAD-DISC,7,1225,wholesale,chittagong,INV-2024-0904,CUST-0024,monsoon
15/07/2024,BRKE-PAD-DISC,4,700,retail,rangpur,INV-2024-0905,CUST-0026,monsoon
22/07/2024,BRKE-PAD-DISC,8,1400,retail,dhaka,INV-2024-0906,CUST-0019,monsoon
24/07/2024,BRKE-PAD-DISC,6,1050,wholesale,chittagong,INV-2024-0907,CUST-0020,monsoon
07/07/2024,BRKE-PAD-DRUM,5,675,online,chittagong,INV-2024-0908,CUST-0010,monsoon
17/07/2024,BRKE-PAD-DRUM,8,1080,retail,dhaka,INV-2024-0909,CUST-0010,monsoon
25/07/2024,BRKE-PAD-DRUM,20,2700,retail,dhaka,INV-2024-0910,CUST-0038,monsoon
04/07/2024,TIRE-100-18,3,3300,online,chittagong,INV-2024-0911,CUST-0045,monsoon
12/07/2024,TIRE-100-18,1,1100,online,chittagong,INV-2024-0912,CUST-0039,monsoon
19/07/2024,TIRE-100-18,1,1100,retail,sylhet,INV-2024-0913,CUST-0037,monsoon
23/07/2024,TIRE-100-18,3,3300,wholesale,dhaka,INV-2024-0914,CUST-0050,monsoon
07/07/2024,TIRE-100-17,1,980,retail,chittagong,INV-2024-0915,CUST-0037,monsoon
08/07/2024,TIRE-100-17,3,2940,wholesale,dhaka,INV-2024-0916,CUST-0015,monsoon
16/07/2024,TIRE-100-17,3,2940,wholesale,dhaka,INV-2024-0917,CUST-0026,monsoon
18/07/2024,TIRE-100-17,1,980,wholesale,mymensingh,INV-2024-0918,CUST-0037,monsoon
25/07/2024,TIRE-100-17,2,1960,retail,chittagong,INV-2024-0919,CUST-0019,monsoon
05/07/2024,TIRE-125-18,1,1350,retail,dhaka,INV-2024-0920,CUST-0028,monsoon
17/07/2024,TIRE-125-18,1,1350,retail,rajshahi,INV-2024-0921,CUST-0009,monsoon
24/07/2024,TIRE-125-18,4,5400,retail,chittagong,INV-2024-0922,CUST-0026,monsoon
06/07/2024,BATT-12V7A,4,6000,retail,rajshahi,INV-2024-0923,CUST-0037,monsoon
13/07/2024,BATT-12V7A,6,9000,wholesale,dhaka,INV-2024-0924,CUST-0028,monsoon
23/07/2024,BATT-12V7A,3,4500,retail,dhaka,INV-2024-0925,CUST-0023,monsoon
10/07/2024,BATT-12V9A,7,12250,wholesale,khulna,INV-2024-0926,CUST-0040,monsoon
22/07/2024,BATT-12V9A,2,3500,retail,dhaka,INV-2024-0927,CUST-0015,monsoon
08/07/2024,SPRK-NGK-C4HSA,9,1170,wholesale,dhaka,INV-2024-0928,CUST-0020,monsoon
11/07/2024,SPRK-NGK-C4HSA,40,5200,retail,chittagong,INV-2024-0929,CUST-0014,monsoon
18/07/2024,SPRK-NGK-C4HSA,5,650,retail,rajshahi,INV-2024-0930,CUST-0035,monsoon
22/07/2024,SPRK-NGK-C4HSA,42,5460,retail,chittagong,INV-2024-0931,CUST-0031,monsoon
09/07/2024,SPRK-NGK-BPR6ES,29,4205,retail,dhaka,INV-2024-0932,CUST-0045,monsoon
13/07/2024,SPRK-NGK-BPR6ES,28,4060,retail,sylhet,INV-2024-0933,CUST-0042,monsoon
23/07/2024,SPRK-NGK-BPR6ES,16,2320,retail,rangpur,INV-2024-0934,CUST-0043,monsoon
05/07/2024,CABL-CLUTCH-100,8,1000,retail,barishal,INV-2024-0935,CUST-0039,monsoon
13/07/2024,CABL-CLUTCH-100,1,125,retail,chittagong,INV-2024-0936,CUST-0033,monsoon
20/07/2024,CABL-CLUTCH-100,8,1000,wholesale,rangpur,INV-2024-0937,CUST-0046,monsoon
22/07/2024,CABL-CLUTCH-100,6,750,retail,dhaka,INV-2024-0938,CUST-0034,monsoon
04/07/2024,CABL-THROT-100,5,540,online,khulna,INV-2024-0939,CUST-0002,monsoon
12/07/2024,CABL-THROT-100,2,216,online,rangpur,INV-2024-0940,CUST-0015,monsoon
15/07/2024,CABL-THROT-100,5,540,online,dhaka,INV-2024-0941,CUST-0043,monsoon
18/07/2024,CABL-THROT-100,5,540,wholesale,dhaka,INV-2024-0942,CUST-0034,monsoon
25/07/2024,CABL-THROT-100,9,972,wholesale,rangpur,INV-2024-0943,CUST-0041,monsoon
07/07/2024,CABL-SPED-100,2,190,wholesale,chittagong,INV-2024-0944,CUST-0009,monsoon
09/07/2024,CABL-SPED-100,1,95,wholesale,dhaka,INV-2024-0945,CUST-0034,monsoon
14/07/2024,CABL-SPED-100,8,760,retail,barishal,INV-2024-0946,CUST-0050,monsoon
19/07/2024,CABL-SPED-100,7,665,online,dhaka,INV-2024-0947,CUST-0011,monsoon
27/07/2024,CABL-SPED-100,3,285,wholesale,dhaka,INV-2024-0948,CUST-0047,monsoon
07/07/2024,BEAR-6201,71,5325,wholesale,rajshahi,INV-2024-0949,CUST-0041,monsoon
13/07/2024,BEAR-6201,12,900,retail,rangpur,INV-2024-0950,CUST-0050,monsoon
18/07/2024,BEAR-6201,2,150,retail,dhaka,INV-2024-0951,CUST-0002,monsoon
25/07/2024,BEAR-6201,27,2025,wholesale,rajshahi,INV-2024-0952,CUST-0018,monsoon
08/07/2024,BEAR-6202,76,6232,retail,khulna,INV-2024-0953,CUST-0042,monsoon
14/07/2024,BEAR-6202,29,2378,online,dhaka,INV-2024-0954,CUST-0032,monsoon
25/07/2024,BEAR-6202,3,246,retail,chittagong,INV-2024-0955,CUST-0015,monsoon
09/07/2024,BEAR-6301,30,2700,retail,rajshahi,INV-2024-0956,CUST-0029,monsoon
19/07/2024,BEAR-6301,30,2700,retail,khulna,INV-2024-0957,CUST-0021,monsoon
08/07/2024,CLUT-PLATE-100,4,1000,wholesale,sylhet,INV-2024-0958,CUST-0039,monsoon
15/07/2024,CLUT-PLATE-100,7,1750,wholesale,chittagong,INV-2024-0959,CUST-0046,monsoon
24/07/2024,CLUT-PLATE-100,6,1500,wholesale,rajshahi,INV-2024-0960,CUST-0029,monsoon
12/07/2024,CLUT-PLATE-125,9,2610,retail,mymensingh,INV-2024-0961,CUST-0025,monsoon
21/07/2024,CLUT-PLATE-125,2,580,wholesale,chittagong,INV-2024-0962,CUST-0004,monsoon
03/07/2024,ENGN-OIL-10W30,8,2560,wholesale,dhaka,INV-2024-0963,CUST-0012,monsoon
12/07/2024,ENGN-OIL-10W30,6,1920,online,rajshahi,INV-2024-0964,CUST-0045,monsoon
14/07/2024,ENGN-OIL-10W30,17,5440,retail,chittagong,INV-2024-0965,CUST-0021,monsoon
21/07/2024,ENGN-OIL-10W30,10,3200,retail,chittagong,INV-2024-0966,CUST-0038,monsoon
26/07/2024,ENGN-OIL-10W30,10,3200,online,barishal,INV-2024-0967,CUST-0030,monsoon
04/07/2024,ENGN-OIL-20W40,8,2800,retail,sylhet,INV-2024-0968,CUST-0046,monsoon
10/07/2024,ENGN-OIL-20W40,11,3850,wholesale,dhaka,INV-2024-0969,CUST-0033,monsoon
16/07/2024,ENGN-OIL-20W40,9,3150,retail,sylhet,INV-2024-0970,CUST-0036,monsoon
25/07/2024,ENGN-OIL-20W40,9,3150,wholesale,dhaka,INV-2024-0971,CUST-0022,monsoon
05/07/2024,FORK-SEAL-100,3,360,wholesale,dhaka,INV-2024-0972,CUST-0029,monsoon
16/07/2024,FORK-SEAL-100,2,240,retail,dhaka,INV-2024-0973,CUST-0009,monsoon
23/07/2024,FORK-SEAL-100,13,1560,retail,rangpur,INV-2024-0974,CUST-0049,monsoon
04/07/2024,SHCK-REAR-100,1,780,wholesale,chittagong,INV-2024-0975,CUST-0001,monsoon
12/07/2024,SHCK-REAR-100,1,780,wholesale,dhaka,INV-2024-0976,CUST-0040,monsoon
16/07/2024,SHCK-REAR-100,1,780,wholesale,sylhet,INV-2024-0977,CUST-0014,monsoon
21/07/2024,SHCK-REAR-100,1,780,retail,dhaka,INV-2024-0978,CUST-0042,monsoon
26/07/2024,SHCK-REAR-100,1,780,retail,dhaka,INV-2024-0979,CUST-0003,monsoon
06/07/2024,HEAD-LED-H4,2,1040,retail,rajshahi,INV-2024-0980,CUST-0030,monsoon
14/07/2024,HEAD-LED-H4,1,520,retail,rajshahi,INV-2024-0981,CUST-0003,monsoon
20/07/2024,HEAD-LED-H4,1,520,retail,dhaka,INV-2024-0982,CUST-0024,monsoon
26/07/2024,HEAD-LED-H4,7,3640,wholesale,barishal,INV-2024-0983,CUST-0049,monsoon
10/07/2024,HEAD-HALO-H4,10,2400,wholesale,chittagong,INV-2024-0984,CUST-0045,monsoon
20/07/2024,HEAD-HALO-H4,4,960,retail,dhaka,INV-2024-0985,CUST-0037,monsoon
10/07/2024,TAIL-UNIV-A,9,1755,retail,sylhet,INV-2024-0986,CUST-0034,monsoon
21/07/2024,TAIL-UNIV-A,13,2535,wholesale,chittagong,INV-2024-0987,CUST-0009,monsoon
05/07/2024,MIRR-ROUND-10,9,702,wholesale,chittagong,INV-2024-0988,CUST-0048,monsoon
09/07/2024,MIRR-ROUND-10,11,858,wholesale,khulna,INV-2024-0989,CUST-0027,monsoon
13/07/2024,MIRR-ROUND-10,9,702,retail,chittagong,INV-2024-0990,CUST-0036,monsoon
18/07/2024,MIRR-ROUND-10,3,234,retail,khulna,INV-2024-0991,CUST-0041,monsoon
23/07/2024,MIRR-ROUND-10,11,858,retail,dhaka,INV-2024-0992,CUST-0005,monsoon
05/07/2024,HDLB-RAISED-22,3,870,retail,barishal,INV-2024-0993,CUST-0031,monsoon
11/07/2024,HDLB-RAISED-22,1,290,wholesale,rajshahi,INV-2024-0994,CUST-0031,monsoon
18/07/2024,HDLB-RAISED-22,2,580,retail,dhaka,INV-2024-0995,CUST-0035,monsoon
24/07/2024,HDLB-RAISED-22,2,580,retail,barishal,INV-2024-0996,CUST-0027,monsoon
10/07/2024,SEAT-COMM-100,6,2100,retail,chittagong,INV-2024-0997,CUST-0044,monsoon
22/07/2024,SEAT-COMM-100,2,700,online,dhaka,INV-2024-0998,CUST-0023,monsoon
09/07/2024,TANK-FUEL-10L,1,1550,retail,sylhet,INV-2024-0999,CUST-0008,monsoon
14/07/2024,TANK-FUEL-10L,1,1550,wholesale,khulna,INV-2024-1000,CUST-0046,monsoon
25/07/2024,TANK-FUEL-10L,1,1550,wholesale,khulna,INV-2024-1001,CUST-0018,monsoon
03/07/2024,EXHS-BAJ-100,2,1440,retail,chittagong,INV-2024-1002,CUST-0031,monsoon
10/07/2024,EXHS-BAJ-100,1,720,retail,barishal,INV-2024-1003,CUST-0022,monsoon
13/07/2024,EXHS-BAJ-100,1,720,wholesale,barishal,INV-2024-1004,CUST-0034,monsoon
19/07/2024,EXHS-BAJ-100,1,720,retail,dhaka,INV-2024-1005,CUST-0050,monsoon
23/07/2024,EXHS-BAJ-100,1,720,wholesale,khulna,INV-2024-1006,CUST-0034,monsoon
09/07/2024,CARB-KEI-VM17,1,1200,retail,dhaka,INV-2024-1007,CUST-0039,monsoon
13/07/2024,CARB-KEI-VM17,1,1200,retail,khulna,INV-2024-1008,CUST-0003,monsoon
21/07/2024,CARB-KEI-VM17,2,2400,wholesale,dhaka,INV-2024-1009,CUST-0048,monsoon
07/08/2024,PIST-BAJ-100,15,8700,retail,dhaka,INV-2024-1010,CUST-0040,monsoon
10/08/2024,PIST-BAJ-100,5,2900,retail,chittagong,INV-2024-1011,CUST-0035,monsoon
18/08/2024,PIST-BAJ-100,4,2320,retail,dhaka,INV-2024-1012,CUST-0010,monsoon
23/08/2024,PIST-BAJ-100,7,4060,wholesale,rangpur,INV-2024-1013,CUST-0037,monsoon
12/08/2024,PIST-BAJ-150,4,3280,retail,dhaka,INV-2024-1014,CUST-0044,monsoon
21/08/2024,PIST-BAJ-150,13,10660,retail,dhaka,INV-2024-1015,CUST-0006,monsoon
08/08/2024,PIST-HERO-100,13,6630,wholesale,dhaka,INV-2024-1016,CUST-0046,monsoon
17/08/2024,PIST-HERO-100,17,8670,wholesale,rajshahi,INV-2024-1017,CUST-0006,monsoon
23/08/2024,PIST-HERO-100,12,6120,wholesale,mymensingh,INV-2024-1018,CUST-0030,monsoon
11/08/2024,PIST-HONDA-125,12,7680,wholesale,chittagong,INV-2024-1019,CUST-0046,monsoon
18/08/2024,PIST-HONDA-125,14,8960,retail,rajshahi,INV-2024-1020,CUST-0015,monsoon
06/08/2024,GASK-BAJ-100,15,3600,retail,dhaka,INV-2024-1021,CUST-0031,monsoon
13/08/2024,GASK-BAJ-100,7,1680,retail,chittagong,INV-2024-1022,CUST-0050,monsoon
19/08/2024,GASK-BAJ-100,12,2880,wholesale,dhaka,INV-2024-1023,CUST-0033,monsoon
22/08/2024,GASK-BAJ-100,11,2640,wholesale,dhaka,INV-2024-1024,CUST-0007,monsoon
11/08/2024,GASK-UNIV-125,20,5800,wholesale,chittagong,INV-2024-1025,CUST-0036,monsoon
22/08/2024,GASK-UNIV-125,14,4060,retail,dhaka,INV-2024-1026,CUST-0005,monsoon
03/08/2024,CHAIN-428H,4,1400,retail,chittagong,INV-2024-1027,CUST-0007,monsoon
12/08/2024,CHAIN-428H,2,700,retail,khulna,INV-2024-1028,CUST-0026,monsoon
16/08/2024,CHAIN-428H,4,1400,retail,dhaka,INV-2024-1029,CUST-0039,monsoon
18/08/2024,CHAIN-428H,3,1050,retail,rajshahi,INV-2024-1030,CUST-0032,monsoon
27/08/2024,CHAIN-428H,1,350,retail,sylhet,INV-2024-1031,CUST-0014,monsoon
11/08/2024,CHAIN-420,13,2990,wholesale,dhaka,INV-2024-1032,CUST-0029,monsoon
22/08/2024,CHAIN-420,11,2530,wholesale,dhaka,INV-2024-1033,CUST-0021,monsoon
04/08/2024,FILT-OIL-100,21,1995,retail,mymensingh,INV-2024-1034,CUST-0009,monsoon
14/08/2024,FILT-OIL-100,22,2090,retail,khulna,INV-2024-1035,CUST-0036,monsoon
16/08/2024,FILT-OIL-100,17,1615,retail,rangpur,INV-2024-1036,CUST-0036,monsoon
26/08/2024,FILT-OIL-100,21,1995,retail,khulna,INV-2024-1037,CUST-0019,monsoon
08/08/2024,FILT-OIL-125,19,2090,retail,chittagong,INV-2024-1038,CUST-0012,monsoon
16/08/2024,FILT-OIL-125,26,2860,retail,chittagong,INV-2024-1039,CUST-0025,monsoon
24/08/2024,FILT-OIL-125,27,2970,retail,khulna,INV-2024-1040,CUST-0027,monsoon
08/08/2024,FILT-AIR-100,39,3198,wholesale,dhaka,INV-2024-1041,CUST-0027,monsoon
16/08/2024,FILT-AIR-100,21,1722,online,khulna,INV-2024-1042,CUST-0045,monsoon
22/08/2024,FILT-AIR-100,5,410,retail,sylhet,INV-2024-1043,CUST-0012,monsoon
07/08/2024,FILT-AIR-125,15,1350,wholesale,chittagong,INV-2024-1044,CUST-0024,monsoon
11/08/2024,FILT-AIR-125,12,1080,retail,dhaka,INV-2024-1045,CUST-0031,monsoon
14/08/2024,FILT-AIR-125,9,810,retail,rajshahi,INV-2024-1046,CUST-0031,monsoon
22/08/2024,FILT-AIR-125,5,450,retail,rangpur,INV-2024-1047,CUST-0047,monsoon
25/08/2024,FILT-AIR-125,16,1440,online,rajshahi,INV-2024-1048,CUST-0049,monsoon
07/08/2024,BRKE-PAD-DISC,7,1225,wholesale,barishal,INV-2024-1049,CUST-0001,monsoon
12/08/2024,BRKE-PAD-DISC,6,1050,wholesale,chittagong,INV-2024-1050,CUST-0031,monsoon
15/08/2024,BRKE-PAD-DISC,7,1225,retail,chittagong,INV-2024-1051,CUST-0023,monsoon
22/08/2024,BRKE-PAD-DISC,3,525,wholesale,rangpur,INV-2024-1052,CUST-0019,monsoon
23/08/2024,BRKE-PAD-DISC,8,1400,wholesale,dhaka,INV-2024-1053,CUST-0039,monsoon
06/08/2024,BRKE-PAD-DRUM,3,405,retail,chittagong,INV-2024-1054,CUST-0005,monsoon
14/08/2024,BRKE-PAD-DRUM,27,3645,retail,khulna,INV-2024-1055,CUST-0009,monsoon
16/08/2024,BRKE-PAD-DRUM,10,1350,retail,sylhet,INV-2024-1056,CUST-0017,monsoon
24/08/2024,BRKE-PAD-DRUM,3,405,retail,dhaka,INV-2024-1057,CUST-0012,monsoon
06/08/2024,TIRE-100-18,5,5500,online,rajshahi,INV-2024-1058,CUST-0022,monsoon
16/08/2024,TIRE-100-18,3,3300,online,mymensingh,INV-2024-1059,CUST-0039,monsoon
22/08/2024,TIRE-100-18,2,2200,retail,rangpur,INV-2024-1060,CUST-0032,monsoon
03/08/2024,TIRE-100-17,4,3920,retail,chittagong,INV-2024-1061,CUST-0031,monsoon
10/08/2024,TIRE-100-17,1,980,wholesale,rajshahi,INV-2024-1062,CUST-0035,monsoon
13/08/2024,TIRE-100-17,3,2940,wholesale,dhaka,INV-2024-1063,CUST-0025,monsoon
18/08/2024,TIRE-100-17,3,2940,retail,chittagong,INV-2024-1064,CUST-0028,monsoon
24/08/2024,TIRE-100-17,1,980,online,dhaka,INV-2024-1065,CUST-0029,monsoon
07/08/2024,TIRE-125-18,2,2700,wholesale,dhaka,INV-2024-1066,CUST-0017,monsoon
14/08/2024,TIRE-125-18,2,2700,retail,sylhet,INV-2024-1067,CUST-0050,monsoon
18/08/2024,TIRE-125-18,1,1350,retail,sylhet,INV-2024-1068,CUST-0044,monsoon
24/08/2024,TIRE-125-18,2,2700,retail,chittagong,INV-2024-1069,CUST-0022,monsoon
05/08/2024,BATT-12V7A,12,18000,wholesale,chittagong,INV-2024-1070,CUST-0023,monsoon
16/08/2024,BATT-12V7A,1,1500,retail,dhaka,INV-2024-1071,CUST-0013,monsoon
21/08/2024,BATT-12V7A,1,1500,wholesale,dhaka,INV-2024-1072,CUST-0004,monsoon
05/08/2024,BATT-12V9A,4,7000,wholesale,dhaka,INV-2024-1073,CUST-0042,monsoon
13/08/2024,BATT-12V9A,3,5250,online,chittagong,INV-2024-1074,CUST-0008,monsoon
25/08/2024,BATT-12V9A,3,5250,retail,sylhet,INV-2024-1075,CUST-0030,monsoon
10/08/2024,SPRK-NGK-C4HSA,46,5980,wholesale,sylhet,INV-2024-1076,CUST-0050,monsoon
21/08/2024,SPRK-NGK-C4HSA,67,8710,retail,dhaka,INV-2024-1077,CUST-0005,monsoon
08/08/2024,SPRK-NGK-BPR6ES,36,5220,retail,rangpur,INV-2024-1078,CUST-0029,monsoon
20/08/2024,SPRK-NGK-BPR6ES,31,4495,online,dhaka,INV-2024-1079,CUST-0013,monsoon
08/08/2024,CABL-CLUTCH-100,13,1625,online,sylhet,INV-2024-1080,CUST-0046,monsoon
14/08/2024,CABL-CLUTCH-100,2,250,retail,dhaka,INV-2024-1081,CUST-0005,monsoon
25/08/2024,CABL-CLUTCH-100,11,1375,retail,chittagong,INV-2024-1082,CUST-0029,monsoon
05/08/2024,CABL-THROT-100,1,108,wholesale,rajshahi,INV-2024-1083,CUST-0031,monsoon
11/08/2024,CABL-THROT-100,6,648,wholesale,chittagong,INV-2024-1084,CUST-0050,monsoon
17/08/2024,CABL-THROT-100,9,972,retail,khulna,INV-2024-1085,CUST-0015,monsoon
18/08/2024,CABL-THROT-100,6,648,online,dhaka,INV-2024-1086,CUST-0050,monsoon
27/08/2024,CABL-THROT-100,3,324,wholesale,chittagong,INV-2024-1087,CUST-0023,monsoon
04/08/2024,CABL-SPED-100,4,380,retail,dhaka,INV-2024-1088,CUST-0025,monsoon
13/08/2024,CABL-SPED-100,6,570,retail,sylhet,INV-2024-1089,CUST-0025,monsoon
18/08/2024,CABL-SPED-100,8,760,wholesale,barishal,INV-2024-1090,CUST-0023,monsoon
23/08/2024,CABL-SPED-100,1,95,online,chittagong,INV-2024-1091,CUST-0029,monsoon
06/08/2024,BEAR-6201,5,375,wholesale,dhaka,INV-2024-1092,CUST-0020,monsoon
16/08/2024,BEAR-6201,3,225,online,chittagong,INV-2024-1093,CUST-0029,monsoon
24/08/2024,BEAR-6201,131,9825,retail,rangpur,INV-2024-1094,CUST-0022,monsoon
12/08/2024,BEAR-6202,62,5084,online,rangpur,INV-2024-1095,CUST-0035,monsoon
21/08/2024,BEAR-6202,32,2624,wholesale,dhaka,INV-2024-1096,CUST-0005,monsoon
09/08/2024,BEAR-6301,21,1890,retail,rajshahi,INV-2024-1097,CUST-0012,monsoon
13/08/2024,BEAR-6301,1,90,online,sylhet,INV-2024-1098,CUST-0007,monsoon
22/08/2024,BEAR-6301,40,3600,retail,chittagong,INV-2024-1099,CUST-0038,monsoon
12/08/2024,CLUT-PLATE-100,2,500,retail,dhaka,INV-2024-1100,CUST-0022,monsoon
19/08/2024,CLUT-PLATE-100,12,3000,online,khulna,INV-2024-1101,CUST-0044,monsoon
09/08/2024,CLUT-PLATE-125,7,2030,wholesale,khulna,INV-2024-1102,CUST-0049,monsoon
20/08/2024,CLUT-PLATE-125,4,1160,retail,dhaka,INV-2024-1103,CUST-0005,monsoon
08/08/2024,ENGN-OIL-10W30,29,9280,retail,dhaka,INV-2024-1104,CUST-0041,monsoon
14/08/2024,ENGN-OIL-10W30,7,2240,wholesale,sylhet,INV-2024-1105,CUST-0002,monsoon
25/08/2024,ENGN-OIL-10W30,15,4800,retail,khulna,INV-2024-1106,CUST-0001,monsoon
10/08/2024,ENGN-OIL-20W40,21,7350,wholesale,sylhet,INV-2024-1107,CUST-0031,monsoon
21/08/2024,ENGN-OIL-20W40,18,6300,retail,sylhet,INV-2024-1108,CUST-0041,monsoon
06/08/2024,FORK-SEAL-100,3,360,wholesale,chittagong,INV-2024-1109,CUST-0013,monsoon
12/08/2024,FORK-SEAL-100,7,840,wholesale,dhaka,INV-2024-1110,CUST-0007,monsoon
13/08/2024,FORK-SEAL-100,5,600,online,sylhet,INV-2024-1111,CUST-0035,monsoon
20/08/2024,FORK-SEAL-100,1,120,retail,chittagong,INV-2024-1112,CUST-0041,monsoon
25/08/2024,FORK-SEAL-100,1,120,retail,sylhet,INV-2024-1113,CUST-0013,monsoon
06/08/2024,SHCK-REAR-100,2,1560,retail,dhaka,INV-2024-1114,CUST-0014,monsoon
14/08/2024,SHCK-REAR-100,2,1560,retail,chittagong,INV-2024-1115,CUST-0049,monsoon
21/08/2024,SHCK-REAR-100,1,780,retail,chittagong,INV-2024-1116,CUST-0004,monsoon
05/08/2024,HEAD-LED-H4,2,1040,retail,chittagong,INV-2024-1117,CUST-0013,monsoon
14/08/2024,HEAD-LED-H4,1,520,online,rajshahi,INV-2024-1118,CUST-0015,monsoon
24/08/2024,HEAD-LED-H4,8,4160,retail,rajshahi,INV-2024-1119,CUST-0007,monsoon
04/08/2024,HEAD-HALO-H4,5,1200,retail,dhaka,INV-2024-1120,CUST-0047,monsoon
09/08/2024,HEAD-HALO-H4,2,480,retail,dhaka,INV-2024-1121,CUST-0018,monsoon
17/08/2024,HEAD-HALO-H4,1,240,retail,dhaka,INV-2024-1122,CUST-0045,monsoon
21/08/2024,HEAD-HALO-H4,2,480,retail,chittagong,INV-2024-1123,CUST-0008,monsoon
24/08/2024,HEAD-HALO-H4,3,720,retail,khulna,INV-2024-1124,CUST-0011,monsoon
09/08/2024,TAIL-UNIV-A,9,1755,online,mymensingh,INV-2024-1125,CUST-0006,monsoon
14/08/2024,TAIL-UNIV-A,6,1170,wholesale,chittagong,INV-2024-1126,CUST-0014,monsoon
25/08/2024,TAIL-UNIV-A,8,1560,wholesale,chittagong,INV-2024-1127,CUST-0018,monsoon
07/08/2024,MIRR-ROUND-10,10,780,retail,mymensingh,INV-2024-1128,CUST-0031,monsoon
09/08/2024,MIRR-ROUND-10,3,234,wholesale,rajshahi,INV-2024-1129,CUST-0028,monsoon
17/08/2024,MIRR-ROUND-10,4,312,retail,chittagong,INV-2024-1130,CUST-0045,monsoon
18/08/2024,MIRR-ROUND-10,8,624,retail,khulna,INV-2024-1131,CUST-0016,monsoon
26/08/2024,MIRR-ROUND-10,12,936,wholesale,dhaka,INV-2024-1132,CUST-0045,monsoon
05/08/2024,HDLB-RAISED-22,2,580,retail,dhaka,INV-2024-1133,CUST-0037,monsoon
16/08/2024,HDLB-RAISED-22,2,580,retail,rajshahi,INV-2024-1134,CUST-0030,monsoon
23/08/2024,HDLB-RAISED-22,5,1450,retail,chittagong,INV-2024-1135,CUST-0046,monsoon
06/08/2024,SEAT-COMM-100,2,700,retail,chittagong,INV-2024-1136,CUST-0040,monsoon
14/08/2024,SEAT-COMM-100,3,1050,wholesale,chittagong,INV-2024-1137,CUST-0044,monsoon
16/08/2024,SEAT-COMM-100,1,350,online,dhaka,INV-2024-1138,CUST-0048,monsoon
24/08/2024,SEAT-COMM-100,1,350,wholesale,rangpur,INV-2024-1139,CUST-0044,monsoon
12/08/2024,TANK-FUEL-10L,1,1550,retail,dhaka,INV-2024-1140,CUST-0036,monsoon
18/08/2024,TANK-FUEL-10L,2,3100,wholesale,rajshahi,INV-2024-1141,CUST-0050,monsoon
05/08/2024,EXHS-BAJ-100,1,720,retail,chittagong,INV-2024-1142,CUST-0004,monsoon
12/08/2024,EXHS-BAJ-100,1,720,retail,dhaka,INV-2024-1143,CUST-0032,monsoon
18/08/2024,EXHS-BAJ-100,1,720,wholesale,chittagong,INV-2024-1144,CUST-0031,monsoon
24/08/2024,EXHS-BAJ-100,3,2160,wholesale,rajshahi,INV-2024-1145,CUST-0035,monsoon
04/08/2024,CARB-KEI-VM17,1,1200,retail,barishal,INV-2024-1146,CUST-0005,monsoon
11/08/2024,CARB-KEI-VM17,1,1200,retail,dhaka,INV-2024-1147,CUST-0045,monsoon
13/08/2024,CARB-KEI-VM17,1,1200,retail,dhaka,INV-2024-1148,CUST-0014,monsoon
18/08/2024,CARB-KEI-VM17,1,1200,wholesale,chittagong,INV-2024-1149,CUST-0019,monsoon
26/08/2024,CARB-KEI-VM17,1,1200,wholesale,chittagong,INV-2024-1150,CUST-0009,monsoon
04/09/2024,PIST-BAJ-100,7,4060,wholesale,dhaka,INV-2024-1151,CUST-0021,monsoon
12/09/2024,PIST-BAJ-100,10,5800,wholesale,chittagong,INV-2024-1152,CUST-0034,monsoon
15/09/2024,PIST-BAJ-100,4,2320,retail,khulna,INV-2024-1153,CUST-0020,monsoon
21/09/2024,PIST-BAJ-100,1,580,online,chittagong,INV-2024-1154,CUST-0020,monsoon
27/09/2024,PIST-BAJ-100,13,7540,retail,dhaka,INV-2024-1155,CUST-0031,monsoon
05/09/2024,PIST-BAJ-150,9,7380,online,dhaka,INV-2024-1156,CUST-0046,monsoon
14/09/2024,PIST-BAJ-150,1,820,wholesale,sylhet,INV-2024-1157,CUST-0010,monsoon
17/09/2024,PIST-BAJ-150,4,3280,retail,dhaka,INV-2024-1158,CUST-0021,monsoon
26/09/2024,PIST-BAJ-150,5,4100,retail,chittagong,INV-2024-1159,CUST-0024,monsoon
09/09/2024,PIST-HERO-100,17,8670,online,chittagong,INV-2024-1160,CUST-0035,monsoon
20/09/2024,PIST-HERO-100,25,12750,online,dhaka,INV-2024-1161,CUST-0026,monsoon
09/09/2024,PIST-HONDA-125,14,8960,retail,sylhet,INV-2024-1162,CUST-0019,monsoon
17/09/2024,PIST-HONDA-125,14,8960,wholesale,rangpur,INV-2024-1163,CUST-0037,monsoon
22/09/2024,PIST-HONDA-125,3,1920,wholesale,sylhet,INV-2024-1164,CUST-0047,monsoon
03/09/2024,GASK-BAJ-100,13,3120,retail,khulna,INV-2024-1165,CUST-0006,monsoon
10/09/2024,GASK-BAJ-100,4,960,wholesale,dhaka,INV-2024-1166,CUST-0013,monsoon
13/09/2024,GASK-BAJ-100,18,4320,retail,chittagong,INV-2024-1167,CUST-0050,monsoon
21/09/2024,GASK-BAJ-100,1,240,retail,dhaka,INV-2024-1168,CUST-0035,monsoon
27/09/2024,GASK-BAJ-100,25,6000,wholesale,khulna,INV-2024-1169,CUST-0006,monsoon
05/09/2024,GASK-UNIV-125,3,870,retail,dhaka,INV-2024-1170,CUST-0023,monsoon
11/09/2024,GASK-UNIV-125,5,1450,online,dhaka,INV-2024-1171,CUST-0036,monsoon
14/09/2024,GASK-UNIV-125,9,2610,wholesale,dhaka,INV-2024-1172,CUST-0029,monsoon
21/09/2024,GASK-UNIV-125,14,4060,retail,rajshahi,INV-2024-1173,CUST-0029,monsoon
25/09/2024,GASK-UNIV-125,14,4060,wholesale,dhaka,INV-2024-1174,CUST-0028,monsoon
07/09/2024,CHAIN-428H,2,700,retail,dhaka,INV-2024-1175,CUST-0018,monsoon
10/09/2024,CHAIN-428H,7,2450,wholesale,chittagong,INV-2024-1176,CUST-0046,monsoon
13/09/2024,CHAIN-428H,1,350,online,chittagong,INV-2024-1177,CUST-0013,monsoon
22/09/2024,CHAIN-428H,2,700,retail,dhaka,INV-2024-1178,CUST-0036,monsoon
26/09/2024,CHAIN-428H,5,1750,wholesale,chittagong,INV-2024-1179,CUST-0020,monsoon
06/09/2024,CHAIN-420,6,1380,online,sylhet,INV-2024-1180,CUST-0027,monsoon
12/09/2024,CHAIN-420,8,1840,online,dhaka,INV-2024-1181,CUST-0042,monsoon
19/09/2024,CHAIN-420,3,690,retail,dhaka,INV-2024-1182,CUST-0018,monsoon
22/09/2024,CHAIN-420,9,2070,online,chittagong,INV-2024-1183,CUST-0039,monsoon
05/09/2024,FILT-OIL-100,18,1710,retail,dhaka,INV-2024-1184,CUST-0021,monsoon
12/09/2024,FILT-OIL-100,27,2565,wholesale,chittagong,INV-2024-1185,CUST-0023,monsoon
17/09/2024,FILT-OIL-100,19,1805,retail,dhaka,INV-2024-1186,CUST-0027,monsoon
18/09/2024,FILT-OIL-100,15,1425,online,sylhet,INV-2024-1187,CUST-0004,monsoon
25/09/2024,FILT-OIL-100,21,1995,wholesale,dhaka,INV-2024-1188,CUST-0005,monsoon
07/09/2024,FILT-OIL-125,35,3850,wholesale,dhaka,INV-2024-1189,CUST-0024,monsoon
15/09/2024,FILT-OIL-125,27,2970,wholesale,dhaka,INV-2024-1190,CUST-0010,monsoon
22/09/2024,FILT-OIL-125,8,880,wholesale,dhaka,INV-2024-1191,CUST-0024,monsoon
07/09/2024,FILT-AIR-100,17,1394,wholesale,rajshahi,INV-2024-1192,CUST-0027,monsoon
12/09/2024,FILT-AIR-100,44,3608,retail,chittagong,INV-2024-1193,CUST-0009,monsoon
17/09/2024,FILT-AIR-100,5,410,retail,barishal,INV-2024-1194,CUST-0020,monsoon
22/09/2024,FILT-AIR-100,8,656,retail,sylhet,INV-2024-1195,CUST-0029,monsoon
27/09/2024,FILT-AIR-100,11,902,wholesale,barishal,INV-2024-1196,CUST-0049,monsoon
06/09/2024,FILT-AIR-125,33,2970,retail,dhaka,INV-2024-1197,CUST-0006,monsoon
14/09/2024,FILT-AIR-125,1,90,wholesale,chittagong,INV-2024-1198,CUST-0008,monsoon
21/09/2024,FILT-AIR-125,37,3330,wholesale,dhaka,INV-2024-1199,CUST-0049,monsoon
08/09/2024,BRKE-PAD-DISC,3,525,retail,dhaka,INV-2024-1200,CUST-0001,monsoon
13/09/2024,BRKE-PAD-DISC,17,2975,wholesale,rajshahi,INV-2024-1201,CUST-0039,monsoon
22/09/2024,BRKE-PAD-DISC,11,1925,online,dhaka,INV-2024-1202,CUST-0012,monsoon
10/09/2024,BRKE-PAD-DRUM,4,540,retail,dhaka,INV-2024-1203,CUST-0033,monsoon
22/09/2024,BRKE-PAD-DRUM,41,5535,wholesale,rajshahi,INV-2024-1204,CUST-0033,monsoon
12/09/2024,TIRE-100-18,5,5500,online,rajshahi,INV-2024-1205,CUST-0011,monsoon
19/09/2024,TIRE-100-18,5,5500,wholesale,barishal,INV-2024-1206,CUST-0047,monsoon
09/09/2024,TIRE-100-17,4,3920,retail,sylhet,INV-2024-1207,CUST-0023,monsoon
14/09/2024,TIRE-100-17,4,3920,retail,mymensingh,INV-2024-1208,CUST-0033,monsoon
23/09/2024,TIRE-100-17,2,1960,retail,dhaka,INV-2024-1209,CUST-0021,monsoon
10/09/2024,TIRE-125-18,3,4050,retail,chittagong,INV-2024-1210,CUST-0021,monsoon
20/09/2024,TIRE-125-18,3,4050,retail,chittagong,INV-2024-1211,CUST-0030,monsoon
05/09/2024,BATT-12V7A,4,6000,online,dhaka,INV-2024-1212,CUST-0032,monsoon
10/09/2024,BATT-12V7A,5,7500,retail,sylhet,INV-2024-1213,CUST-0034,monsoon
19/09/2024,BATT-12V7A,1,1500,retail,sylhet,INV-2024-1214,CUST-0010,monsoon
24/09/2024,BATT-12V7A,4,6000,wholesale,dhaka,INV-2024-1215,CUST-0007,monsoon
09/09/2024,BATT-12V9A,1,1750,retail,dhaka,INV-2024-1216,CUST-0032,monsoon
16/09/2024,BATT-12V9A,7,12250,wholesale,dhaka,INV-2024-1217,CUST-0038,monsoon
20/09/2024,BATT-12V9A,2,3500,wholesale,chittagong,INV-2024-1218,CUST-0042,monsoon
06/09/2024,SPRK-NGK-C4HSA,32,4160,retail,dhaka,INV-2024-1219,CUST-0015,monsoon
11/09/2024,SPRK-NGK-C4HSA,41,5330,retail,sylhet,INV-2024-1220,CUST-0007,monsoon
19/09/2024,SPRK-NGK-C4HSA,27,3510,wholesale,rajshahi,INV-2024-1221,CUST-0032,monsoon
22/09/2024,SPRK-NGK-C4HSA,33,4290,online,sylhet,INV-2024-1222,CUST-0025,monsoon
08/09/2024,SPRK-NGK-BPR6ES,13,1885,retail,dhaka,INV-2024-1223,CUST-0033,monsoon
13/09/2024,SPRK-NGK-BPR6ES,53,7685,retail,dhaka,INV-2024-1224,CUST-0035,monsoon
19/09/2024,SPRK-NGK-BPR6ES,8,1160,online,chittagong,INV-2024-1225,CUST-0003,monsoon
23/09/2024,SPRK-NGK-BPR6ES,6,870,online,mymensingh,INV-2024-1226,CUST-0008,monsoon
05/09/2024,CABL-CLUTCH-100,15,1875,retail,dhaka,INV-2024-1227,CUST-0049,monsoon
13/09/2024,CABL-CLUTCH-100,8,1000,wholesale,dhaka,INV-2024-1228,CUST-0043,monsoon
19/09/2024,CABL-CLUTCH-100,1,125,wholesale,chittagong,INV-2024-1229,CUST-0031,monsoon
23/09/2024,CABL-CLUTCH-100,3,375,online,chittagong,INV-2024-1230,CUST-0033,monsoon
06/09/2024,CABL-THROT-100,5,540,retail,chittagong,INV-2024-1231,CUST-0024,monsoon
12/09/2024,CABL-THROT-100,11,1188,wholesale,dhaka,INV-2024-1232,CUST-0002,monsoon
16/09/2024,CABL-THROT-100,7,756,wholesale,rajshahi,INV-2024-1233,CUST-0025,monsoon
22/09/2024,CABL-THROT-100,4,432,retail,dhaka,INV-2024-1234,CUST-0023,monsoon
10/09/2024,CABL-SPED-100,15,1425,wholesale,dhaka,INV-2024-1235,CUST-0020,monsoon
22/09/2024,CABL-SPED-100,6,570,retail,dhaka,INV-2024-1236,CUST-0035,monsoon
07/09/2024,BEAR-6201,43,3225,wholesale,dhaka,INV-2024-1237,CUST-0032,monsoon
08/09/2024,BEAR-6201,28,2100,wholesale,dhaka,INV-2024-1238,CUST-0022,monsoon
15/09/2024,BEAR-6201,34,2550,wholesale,chittagong,INV-2024-1239,CUST-0043,monsoon
21/09/2024,BEAR-6201,27,2025,wholesale,dhaka,INV-2024-1240,CUST-0024,monsoon
27/09/2024,BEAR-6201,1,75,retail,rangpur,INV-2024-1241,CUST-0041,monsoon
10/09/2024,BEAR-6202,79,6478,online,dhaka,INV-2024-1242,CUST-0026,monsoon
20/09/2024,BEAR-6202,50,4100,wholesale,khulna,INV-2024-1243,CUST-0006,monsoon
12/09/2024,BEAR-6301,57,5130,retail,chittagong,INV-2024-1244,CUST-0005,monsoon
22/09/2024,BEAR-6301,26,2340,retail,sylhet,INV-2024-1245,CUST-0020,monsoon
08/09/2024,CLUT-PLATE-100,2,500,wholesale,khulna,INV-2024-1246,CUST-0014,monsoon
11/09/2024,CLUT-PLATE-100,4,1000,wholesale,sylhet,INV-2024-1247,CUST-0030,monsoon
16/09/2024,CLUT-PLATE-100,6,1500,wholesale,dhaka,INV-2024-1248,CUST-0040,monsoon
26/09/2024,CLUT-PLATE-100,5,1250,online,khulna,INV-2024-1249,CUST-0037,monsoon
09/09/2024,CLUT-PLATE-125,8,2320,wholesale,dhaka,INV-2024-1250,CUST-0020,monsoon
19/09/2024,CLUT-PLATE-125,5,1450,retail,khulna,INV-2024-1251,CUST-0005,monsoon
03/09/2024,ENGN-OIL-10W30,11,3520,retail,rajshahi,INV-2024-1252,CUST-0032,monsoon
09/09/2024,ENGN-OIL-10W30,12,3840,retail,chittagong,INV-2024-1253,CUST-0042,monsoon
14/09/2024,ENGN-OIL-10W30,6,1920,retail,barishal,INV-2024-1254,CUST-0018,monsoon
18/09/2024,ENGN-OIL-10W30,27,8640,retail,dhaka,INV-2024-1255,CUST-0018,monsoon
24/09/2024,ENGN-OIL-10W30,9,2880,retail,sylhet,INV-2024-1256,CUST-0003,monsoon
03/09/2024,ENGN-OIL-20W40,18,6300,wholesale,rangpur,INV-2024-1257,CUST-0009,monsoon
11/09/2024,ENGN-OIL-20W40,1,350,wholesale,dhaka,INV-2024-1258,CUST-0033,monsoon
15/09/2024,ENGN-OIL-20W40,20,7000,wholesale,rangpur,INV-2024-1259,CUST-0038,monsoon
18/09/2024,ENGN-OIL-20W40,7,2450,online,rangpur,INV-2024-1260,CUST-0017,monsoon
26/09/2024,ENGN-OIL-20W40,7,2450,retail,chittagong,INV-2024-1261,CUST-0039,monsoon
05/09/2024,FORK-SEAL-100,3,360,retail,dhaka,INV-2024-1262,CUST-0018,monsoon
13/09/2024,FORK-SEAL-100,5,600,retail,chittagong,INV-2024-1263,CUST-0038,monsoon
17/09/2024,FORK-SEAL-100,3,360,wholesale,dhaka,INV-2024-1264,CUST-0045,monsoon
23/09/2024,FORK-SEAL-100,6,720,retail,rangpur,INV-2024-1265,CUST-0028,monsoon
07/09/2024,SHCK-REAR-100,2,1560,retail,khulna,INV-2024-1266,CUST-0039,monsoon
16/09/2024,SHCK-REAR-100,2,1560,wholesale,dhaka,INV-2024-1267,CUST-0004,monsoon
22/09/2024,SHCK-REAR-100,2,1560,wholesale,sylhet,INV-2024-1268,CUST-0016,monsoon
04/09/2024,HEAD-LED-H4,1,520,online,barishal,INV-2024-1269,CUST-0020,monsoon
11/09/2024,HEAD-LED-H4,4,2080,wholesale,dhaka,INV-2024-1270,CUST-0016,monsoon
16/09/2024,HEAD-LED-H4,1,520,online,dhaka,INV-2024-1271,CUST-0011,monsoon
18/09/2024,HEAD-LED-H4,3,1560,wholesale,barishal,INV-2024-1272,CUST-0050,monsoon
26/09/2024,HEAD-LED-H4,1,520,wholesale,sylhet,INV-2024-1273,CUST-0018,monsoon
04/09/2024,HEAD-HALO-H4,3,720,wholesale,chittagong,INV-2024-1274,CUST-0036,monsoon
10/09/2024,HEAD-HALO-H4,2,480,retail,rajshahi,INV-2024-1275,CUST-0002,monsoon
17/09/2024,HEAD-HALO-H4,4,960,wholesale,rajshahi,INV-2024-1276,CUST-0012,monsoon
18/09/2024,HEAD-HALO-H4,4,960,wholesale,sylhet,INV-2024-1277,CUST-0009,monsoon
25/09/2024,HEAD-HALO-H4,4,960,retail,dhaka,INV-2024-1278,CUST-0020,monsoon
09/09/2024,TAIL-UNIV-A,7,1365,wholesale,sylhet,INV-2024-1279,CUST-0021,monsoon
22/09/2024,TAIL-UNIV-A,15,2925,online,chittagong,INV-2024-1280,CUST-0009,monsoon
07/09/2024,MIRR-ROUND-10,22,1716,online,rangpur,INV-2024-1281,CUST-0042,monsoon
14/09/2024,MIRR-ROUND-10,5,390,retail,sylhet,INV-2024-1282,CUST-0006,monsoon
17/09/2024,MIRR-ROUND-10,11,858,retail,mymensingh,INV-2024-1283,CUST-0045,monsoon
22/09/2024,MIRR-ROUND-10,5,390,retail,khulna,INV-2024-1284,CUST-0040,monsoon
08/09/2024,HDLB-RAISED-22,1,290,wholesale,dhaka,INV-2024-1285,CUST-0013,monsoon
13/09/2024,HDLB-RAISED-22,5,1450,wholesale,rangpur,INV-2024-1286,CUST-0018,monsoon
19/09/2024,HDLB-RAISED-22,1,290,retail,dhaka,INV-2024-1287,CUST-0009,monsoon
25/09/2024,HDLB-RAISED-22,3,870,retail,chittagong,INV-2024-1288,CUST-0014,monsoon
04/09/2024,SEAT-COMM-100,3,1050,online,sylhet,INV-2024-1289,CUST-0024,monsoon
12/09/2024,SEAT-COMM-100,1,350,wholesale,chittagong,INV-2024-1290,CUST-0006,monsoon
18/09/2024,SEAT-COMM-100,1,350,retail,dhaka,INV-2024-1291,CUST-0021,monsoon
23/09/2024,SEAT-COMM-100,4,1400,retail,mymensingh,INV-2024-1292,CUST-0014,monsoon
06/09/2024,TANK-FUEL-10L,1,1550,wholesale,dhaka,INV-2024-1293,CUST-0025,monsoon
10/09/2024,TANK-FUEL-10L,1,1550,retail,dhaka,INV-2024-1294,CUST-0024,monsoon
17/09/2024,TANK-FUEL-10L,1,1550,online,dhaka,INV-2024-1295,CUST-0003,monsoon
22/09/2024,TANK-FUEL-10L,1,1550,retail,chittagong,INV-2024-1296,CUST-0033,monsoon
23/09/2024,TANK-FUEL-10L,1,1550,retail,chittagong,INV-2024-1297,CUST-0030,monsoon
05/09/2024,EXHS-BAJ-100,2,1440,retail,barishal,INV-2024-1298,CUST-0017,monsoon
13/09/2024,EXHS-BAJ-100,1,720,wholesale,sylhet,INV-2024-1299,CUST-0017,monsoon
18/09/2024,EXHS-BAJ-100,1,720,retail,chittagong,INV-2024-1300,CUST-0011,monsoon
24/09/2024,EXHS-BAJ-100,1,720,online,dhaka,INV-2024-1301,CUST-0049,monsoon
06/09/2024,CARB-KEI-VM17,1,1200,wholesale,dhaka,INV-2024-1302,CUST-0032,monsoon
08/09/2024,CARB-KEI-VM17,1,1200,retail,chittagong,INV-2024-1303,CUST-0047,monsoon
16/09/2024,CARB-KEI-VM17,1,1200,retail,khulna,INV-2024-1304,CUST-0006,monsoon
18/09/2024,CARB-KEI-VM17,1,1200,retail,dhaka,INV-2024-1305,CUST-0011,monsoon
26/09/2024,CARB-KEI-VM17,1,1200,wholesale,rajshahi,INV-2024-1306,CUST-0037,monsoon
09/10/2024,PIST-BAJ-100,15,8700,retail,barishal,INV-2024-1307,CUST-0032,pre_winter
14/10/2024,PIST-BAJ-100,26,15080,online,sylhet,INV-2024-1308,CUST-0002,pre_winter
24/10/2024,PIST-BAJ-100,14,8120,online,dhaka,INV-2024-1309,CUST-0008,pre_winter
08/10/2024,PIST-BAJ-150,23,18860,wholesale,khulna,INV-2024-1310,CUST-0030,pre_winter
21/10/2024,PIST-BAJ-150,4,3280,retail,sylhet,INV-2024-1311,CUST-0043,pre_winter
10/10/2024,PIST-HERO-100,23,11730,online,dhaka,INV-2024-1312,CUST-0042,pre_winter
22/10/2024,PIST-HERO-100,33,16830,wholesale,dhaka,INV-2024-1313,CUST-0048,pre_winter
04/10/2024,PIST-HONDA-125,1,640,online,sylhet,INV-2024-1314,CUST-0010,pre_winter
09/10/2024,PIST-HONDA-125,5,3200,retail,dhaka,INV-2024-1315,CUST-0028,pre_winter
16/10/2024,PIST-HONDA-125,5,3200,online,rajshahi,INV-2024-1316,CUST-0044,pre_winter
21/10/2024,PIST-HONDA-125,15,9600,retail,sylhet,INV-2024-1317,CUST-0007,pre_winter
25/10/2024,PIST-HONDA-125,8,5120,wholesale,khulna,INV-2024-1318,CUST-0032,pre_winter
07/10/2024,GASK-BAJ-100,12,2880,retail,dhaka,INV-2024-1319,CUST-0030,pre_winter
09/10/2024,GASK-BAJ-100,14,3360,wholesale,sylhet,INV-2024-1320,CUST-0046,pre_winter
16/10/2024,GASK-BAJ-100,11,2640,retail,dhaka,INV-2024-1321,CUST-0041,pre_winter
21/10/2024,GASK-BAJ-100,19,4560,retail,sylhet,INV-2024-1322,CUST-0030,pre_winter
23/10/2024,GASK-BAJ-100,20,4800,online,chittagong,INV-2024-1323,CUST-0031,pre_winter
08/10/2024,GASK-UNIV-125,29,8410,retail,dhaka,INV-2024-1324,CUST-0003,pre_winter
15/10/2024,GASK-UNIV-125,13,3770,wholesale,chittagong,INV-2024-1325,CUST-0027,pre_winter
25/10/2024,GASK-UNIV-125,10,2900,wholesale,dhaka,INV-2024-1326,CUST-0037,pre_winter
07/10/2024,CHAIN-428H,6,2100,retail,dhaka,INV-2024-1327,CUST-0046,pre_winter
11/10/2024,CHAIN-428H,2,700,wholesale,dhaka,INV-2024-1328,CUST-0030,pre_winter
17/10/2024,CHAIN-428H,13,4550,retail,rajshahi,INV-2024-1329,CUST-0017,pre_winter
25/10/2024,CHAIN-428H,3,1050,online,dhaka,INV-2024-1330,CUST-0012,pre_winter
08/10/2024,CHAIN-420,17,3910,retail,chittagong,INV-2024-1331,CUST-0008,pre_winter
21/10/2024,CHAIN-420,13,2990,wholesale,dhaka,INV-2024-1332,CUST-0030,pre_winter
05/10/2024,FILT-OIL-100,13,1235,wholesale,dhaka,INV-2024-1333,CUST-0045,pre_winter
08/10/2024,FILT-OIL-100,34,3230,online,mymensingh,INV-2024-1334,CUST-0014,pre_winter
14/10/2024,FILT-OIL-100,25,2375,retail,chittagong,INV-2024-1335,CUST-0016,pre_winter
19/10/2024,FILT-OIL-100,28,2660,wholesale,chittagong,INV-2024-1336,CUST-0035,pre_winter
23/10/2024,FILT-OIL-100,40,3800,retail,dhaka,INV-2024-1337,CUST-0030,pre_winter
06/10/2024,FILT-OIL-125,1,110,wholesale,dhaka,INV-2024-1338,CUST-0026,pre_winter
08/10/2024,FILT-OIL-125,7,770,retail,dhaka,INV-2024-1339,CUST-0041,pre_winter
16/10/2024,FILT-OIL-125,7,770,retail,khulna,INV-2024-1340,CUST-0027,pre_winter
22/10/2024,FILT-OIL-125,31,3410,wholesale,khulna,INV-2024-1341,CUST-0039,pre_winter
24/10/2024,FILT-OIL-125,43,4730,online,rajshahi,INV-2024-1342,CUST-0003,pre_winter
03/10/2024,FILT-AIR-100,14,1148,retail,dhaka,INV-2024-1343,CUST-0042,pre_winter
12/10/2024,FILT-AIR-100,21,1722,retail,chittagong,INV-2024-1344,CUST-0032,pre_winter
13/10/2024,FILT-AIR-100,26,2132,wholesale,sylhet,INV-2024-1345,CUST-0029,pre_winter
21/10/2024,FILT-AIR-100,25,2050,retail,sylhet,INV-2024-1346,CUST-0019,pre_winter
27/10/2024,FILT-AIR-100,24,1968,retail,rajshahi,INV-2024-1347,CUST-0029,pre_winter
08/10/2024,FILT-AIR-125,22,1980,retail,rajshahi,INV-2024-1348,CUST-0027,pre_winter
14/10/2024,FILT-AIR-125,25,2250,wholesale,khulna,INV-2024-1349,CUST-0048,pre_winter
23/10/2024,FILT-AIR-125,34,3060,retail,dhaka,INV-2024-1350,CUST-0011,pre_winter
08/10/2024,BRKE-PAD-DISC,22,3850,retail,rangpur,INV-2024-1351,CUST-0016,pre_winter
13/10/2024,BRKE-PAD-DISC,2,350,retail,dhaka,INV-2024-1352,CUST-0002,pre_winter
16/10/2024,BRKE-PAD-DISC,16,2800,retail,dhaka,INV-2024-1353,CUST-0044,pre_winter
25/10/2024,BRKE-PAD-DISC,6,1050,wholesale,dhaka,INV-2024-1354,CUST-0033,pre_winter
09/10/2024,BRKE-PAD-DRUM,39,5265,retail,chittagong,INV-2024-1355,CUST-0022,pre_winter
18/10/2024,BRKE-PAD-DRUM,13,1755,wholesale,rajshahi,INV-2024-1356,CUST-0050,pre_winter
04/10/2024,TIRE-100-18,4,4400,wholesale,rangpur,INV-2024-1357,CUST-0007,pre_winter
10/10/2024,TIRE-100-18,4,4400,wholesale,rajshahi,INV-2024-1358,CUST-0007,pre_winter
19/10/2024,TIRE-100-18,4,4400,retail,khulna,INV-2024-1359,CUST-0007,pre_winter
25/10/2024,TIRE-100-18,3,3300,retail,dhaka,INV-2024-1360,CUST-0014,pre_winter
08/10/2024,TIRE-100-17,6,5880,retail,sylhet,INV-2024-1361,CUST-0009,pre_winter
13/10/2024,TIRE-100-17,6,5880,retail,dhaka,INV-2024-1362,CUST-0027,pre_winter
22/10/2024,TIRE-100-17,7,6860,retail,rajshahi,INV-2024-1363,CUST-0031,pre_winter
07/10/2024,TIRE-125-18,1,1350,wholesale,rajshahi,INV-2024-1364,CUST-0015,pre_winter
14/10/2024,TIRE-125-18,2,2700,retail,dhaka,INV-2024-1365,CUST-0027,pre_winter
22/10/2024,TIRE-125-18,5,6750,online,barishal,INV-2024-1366,CUST-0034,pre_winter
04/10/2024,BATT-12V7A,8,12000,retail,mymensingh,INV-2024-1367,CUST-0004,pre_winter
12/10/2024,BATT-12V7A,3,4500,retail,dhaka,INV-2024-1368,CUST-0042,pre_winter
18/10/2024,BATT-12V7A,6,9000,wholesale,dhaka,INV-2024-1369,CUST-0041,pre_winter
25/10/2024,BATT-12V7A,5,7500,wholesale,mymensingh,INV-2024-1370,CUST-0034,pre_winter
05/10/2024,BATT-12V9A,2,3500,wholesale,barishal,INV-2024-1371,CUST-0029,pre_winter
08/10/2024,BATT-12V9A,4,7000,online,sylhet,INV-2024-1372,CUST-0040,pre_winter
15/10/2024,BATT-12V9A,3,5250,wholesale,rajshahi,INV-2024-1373,CUST-0045,pre_winter
22/10/2024,BATT-12V9A,2,3500,wholesale,dhaka,INV-2024-1374,CUST-0042,pre_winter
27/10/2024,BATT-12V9A,4,7000,retail,chittagong,INV-2024-1375,CUST-0020,pre_winter
05/10/2024,SPRK-NGK-C4HSA,22,2860,retail,dhaka,INV-2024-1376,CUST-0041,pre_winter
10/10/2024,SPRK-NGK-C4HSA,41,5330,retail,dhaka,INV-2024-1377,CUST-0035,pre_winter
20/10/2024,SPRK-NGK-C4HSA,51,6630,retail,chittagong,INV-2024-1378,CUST-0050,pre_winter
26/10/2024,SPRK-NGK-C4HSA,30,3900,retail,dhaka,INV-2024-1379,CUST-0033,pre_winter
12/10/2024,SPRK-NGK-BPR6ES,74,10730,wholesale,dhaka,INV-2024-1380,CUST-0008,pre_winter
20/10/2024,SPRK-NGK-BPR6ES,23,3335,wholesale,chittagong,INV-2024-1381,CUST-0001,pre_winter
09/10/2024,CABL-CLUTCH-100,13,1625,retail,dhaka,INV-2024-1382,CUST-0046,pre_winter
17/10/2024,CABL-CLUTCH-100,16,2000,retail,chittagong,INV-2024-1383,CUST-0025,pre_winter
22/10/2024,CABL-CLUTCH-100,9,1125,retail,chittagong,INV-2024-1384,CUST-0021,pre_winter
08/10/2024,CABL-THROT-100,28,3024,retail,dhaka,INV-2024-1385,CUST-0009,pre_winter
16/10/2024,CABL-THROT-100,12,1296,retail,chittagong,INV-2024-1386,CUST-0024,pre_winter
21/10/2024,CABL-THROT-100,4,432,retail,sylhet,INV-2024-1387,CUST-0036,pre_winter
06/10/2024,CABL-SPED-100,7,665,wholesale,dhaka,INV-2024-1388,CUST-0009,pre_winter
11/10/2024,CABL-SPED-100,5,475,wholesale,rangpur,INV-2024-1389,CUST-0034,pre_winter
14/10/2024,CABL-SPED-100,5,475,retail,dhaka,INV-2024-1390,CUST-0031,pre_winter
19/10/2024,CABL-SPED-100,8,760,retail,dhaka,INV-2024-1391,CUST-0036,pre_winter
27/10/2024,CABL-SPED-100,6,570,online,dhaka,INV-2024-1392,CUST-0039,pre_winter
08/10/2024,BEAR-6201,38,2850,retail,dhaka,INV-2024-1393,CUST-0024,pre_winter
22/10/2024,BEAR-6201,181,13575,retail,dhaka,INV-2024-1394,CUST-0010,pre_winter
06/10/2024,BEAR-6202,2,164,retail,dhaka,INV-2024-1395,CUST-0031,pre_winter
08/10/2024,BEAR-6202,46,3772,wholesale,chittagong,INV-2024-1396,CUST-0022,pre_winter
13/10/2024,BEAR-6202,46,3772,retail,rajshahi,INV-2024-1397,CUST-0047,pre_winter
22/10/2024,BEAR-6202,11,902,retail,khulna,INV-2024-1398,CUST-0009,pre_winter
25/10/2024,BEAR-6202,42,3444,retail,chittagong,INV-2024-1399,CUST-0029,pre_winter
09/10/2024,BEAR-6301,50,4500,retail,dhaka,INV-2024-1400,CUST-0035,pre_winter
16/10/2024,BEAR-6301,19,1710,wholesale,dhaka,INV-2024-1401,CUST-0029,pre_winter
24/10/2024,BEAR-6301,47,4230,wholesale,rajshahi,INV-2024-1402,CUST-0011,pre_winter
08/10/2024,CLUT-PLATE-100,11,2750,retail,chittagong,INV-2024-1403,CUST-0043,pre_winter
14/10/2024,CLUT-PLATE-100,2,500,retail,rangpur,INV-2024-1404,CUST-0002,pre_winter
17/10/2024,CLUT-PLATE-100,10,2500,retail,dhaka,INV-2024-1405,CUST-0046,pre_winter
25/10/2024,CLUT-PLATE-100,3,750,wholesale,khulna,INV-2024-1406,CUST-0006,pre_winter
05/10/2024,CLUT-PLATE-125,6,1740,retail,dhaka,INV-2024-1407,CUST-0008,pre_winter
13/10/2024,CLUT-PLATE-125,1,290,wholesale,mymensingh,INV-2024-1408,CUST-0019,pre_winter
16/10/2024,CLUT-PLATE-125,12,3480,retail,dhaka,INV-2024-1409,CUST-0006,pre_winter
26/10/2024,CLUT-PLATE-125,1,290,online,dhaka,INV-2024-1410,CUST-0044,pre_winter
05/10/2024,ENGN-OIL-10W30,11,3520,wholesale,dhaka,INV-2024-1411,CUST-0008,pre_winter
13/10/2024,ENGN-OIL-10W30,44,14080,retail,dhaka,INV-2024-1412,CUST-0039,pre_winter
18/10/2024,ENGN-OIL-10W30,18,5760,retail,chittagong,INV-2024-1413,CUST-0049,pre_winter
24/10/2024,ENGN-OIL-10W30,6,1920,online,chittagong,INV-2024-1414,CUST-0018,pre_winter
03/10/2024,ENGN-OIL-20W40,14,4900,wholesale,dhaka,INV-2024-1415,CUST-0009,pre_winter
10/10/2024,ENGN-OIL-20W40,2,700,retail,dhaka,INV-2024-1416,CUST-0006,pre_winter
17/10/2024,ENGN-OIL-20W40,1,350,wholesale,khulna,INV-2024-1417,CUST-0010,pre_winter
22/10/2024,ENGN-OIL-20W40,16,5600,online,dhaka,INV-2024-1418,CUST-0016,pre_winter
23/10/2024,ENGN-OIL-20W40,24,8400,retail,chittagong,INV-2024-1419,CUST-0036,pre_winter
12/10/2024,FORK-SEAL-100,12,1440,retail,sylhet,INV-2024-1420,CUST-0004,pre_winter
20/10/2024,FORK-SEAL-100,15,1800,retail,rangpur,INV-2024-1421,CUST-0039,pre_winter
07/10/2024,SHCK-REAR-100,3,2340,retail,dhaka,INV-2024-1422,CUST-0009,pre_winter
12/10/2024,SHCK-REAR-100,1,780,online,rajshahi,INV-2024-1423,CUST-0028,pre_winter
13/10/2024,SHCK-REAR-100,1,780,wholesale,dhaka,INV-2024-1424,CUST-0021,pre_winter
20/10/2024,SHCK-REAR-100,2,1560,online,barishal,INV-2024-1425,CUST-0041,pre_winter
23/10/2024,SHCK-REAR-100,1,780,wholesale,dhaka,INV-2024-1426,CUST-0029,pre_winter
04/10/2024,HEAD-LED-H4,3,1560,wholesale,barishal,INV-2024-1427,CUST-0027,pre_winter
14/10/2024,HEAD-LED-H4,4,2080,wholesale,chittagong,INV-2024-1428,CUST-0032,pre_winter
19/10/2024,HEAD-LED-H4,6,3120,wholesale,rajshahi,INV-2024-1429,CUST-0042,pre_winter
22/10/2024,HEAD-LED-H4,1,520,wholesale,sylhet,INV-2024-1430,CUST-0043,pre_winter
12/10/2024,HEAD-HALO-H4,7,1680,wholesale,dhaka,INV-2024-1431,CUST-0045,pre_winter
20/10/2024,HEAD-HALO-H4,15,3600,retail,mymensingh,INV-2024-1432,CUST-0024,pre_winter
03/10/2024,TAIL-UNIV-A,1,195,online,mymensingh,INV-2024-1433,CUST-0003,pre_winter
12/10/2024,TAIL-UNIV-A,8,1560,online,dhaka,INV-2024-1434,CUST-0046,pre_winter
15/10/2024,TAIL-UNIV-A,10,1950,retail,sylhet,INV-2024-1435,CUST-0041,pre_winter
19/10/2024,TAIL-UNIV-A,9,1755,online,dhaka,INV-2024-1436,CUST-0037,pre_winter
24/10/2024,TAIL-UNIV-A,9,1755,retail,chittagong,INV-2024-1437,CUST-0013,pre_winter
09/10/2024,MIRR-ROUND-10,17,1326,retail,rajshahi,INV-2024-1438,CUST-0044,pre_winter
14/10/2024,MIRR-ROUND-10,35,2730,online,dhaka,INV-2024-1439,CUST-0044,pre_winter
25/10/2024,MIRR-ROUND-10,17,1326,retail,chittagong,INV-2024-1440,CUST-0036,pre_winter
08/10/2024,HDLB-RAISED-22,9,2610,online,chittagong,INV-2024-1441,CUST-0018,pre_winter
20/10/2024,HDLB-RAISED-22,6,1740,wholesale,dhaka,INV-2024-1442,CUST-0032,pre_winter
10/10/2024,SEAT-COMM-100,9,3150,retail,chittagong,INV-2024-1443,CUST-0026,pre_winter
21/10/2024,SEAT-COMM-100,2,700,retail,dhaka,INV-2024-1444,CUST-0037,pre_winter
06/10/2024,TANK-FUEL-10L,3,4650,retail,dhaka,INV-2024-1445,CUST-0041,pre_winter
14/10/2024,TANK-FUEL-10L,1,1550,retail,dhaka,INV-2024-1446,CUST-0002,pre_winter
22/10/2024,TANK-FUEL-10L,1,1550,wholesale,chittagong,INV-2024-1447,CUST-0022,pre_winter
05/10/2024,EXHS-BAJ-100,1,720,online,rajshahi,INV-2024-1448,CUST-0050,pre_winter
15/10/2024,EXHS-BAJ-100,3,2160,retail,chittagong,INV-2024-1449,CUST-0007,pre_winter
25/10/2024,EXHS-BAJ-100,4,2880,wholesale,sylhet,INV-2024-1450,CUST-0006,pre_winter
08/10/2024,CARB-KEI-VM17,2,2400,wholesale,dhaka,INV-2024-1451,CUST-0004,pre_winter
19/10/2024,CARB-KEI-VM17,4,4800,wholesale,dhaka,INV-2024-1452,CUST-0005,pre_winter
11/11/2024,PIST-BAJ-100,31,17980,wholesale,dhaka,INV-2024-1453,CUST-0015,winter
21/11/2024,PIST-BAJ-100,17,9860,wholesale,khulna,INV-2024-1454,CUST-0040,winter
06/11/2024,PIST-BAJ-150,6,4920,retail,dhaka,INV-2024-1455,CUST-0046,winter
12/11/2024,PIST-BAJ-150,5,4100,wholesale,dhaka,INV-2024-1456,CUST-0013,winter
15/11/2024,PIST-BAJ-150,7,5740,retail,barishal,INV-2024-1457,CUST-0033,winter
22/11/2024,PIST-BAJ-150,1,820,retail,dhaka,INV-2024-1458,CUST-0047,winter
24/11/2024,PIST-BAJ-150,7,5740,retail,sylhet,INV-2024-1459,CUST-0009,winter
12/11/2024,PIST-HERO-100,14,7140,online,dhaka,INV-2024-1460,CUST-0050,winter
20/11/2024,PIST-HERO-100,64,32640,retail,dhaka,INV-2024-1461,CUST-0039,winter
05/11/2024,PIST-HONDA-125,17,10880,retail,chittagong,INV-2024-1462,CUST-0013,winter
14/11/2024,PIST-HONDA-125,9,5760,retail,sylhet,INV-2024-1463,CUST-0005,winter
20/11/2024,PIST-HONDA-125,11,7040,wholesale,dhaka,INV-2024-1464,CUST-0045,winter
22/11/2024,PIST-HONDA-125,3,1920,retail,sylhet,INV-2024-1465,CUST-0045,winter
04/11/2024,GASK-BAJ-100,30,7200,wholesale,sylhet,INV-2024-1466,CUST-0030,winter
13/11/2024,GASK-BAJ-100,20,4800,retail,sylhet,INV-2024-1467,CUST-0048,winter
17/11/2024,GASK-BAJ-100,8,1920,wholesale,rajshahi,INV-2024-1468,CUST-0048,winter
22/11/2024,GASK-BAJ-100,22,5280,retail,dhaka,INV-2024-1469,CUST-0001,winter
09/11/2024,GASK-UNIV-125,23,6670,wholesale,chittagong,INV-2024-1470,CUST-0049,winter
20/11/2024,GASK-UNIV-125,35,10150,online,dhaka,INV-2024-1471,CUST-0013,winter
09/11/2024,CHAIN-428H,7,2450,retail,dhaka,INV-2024-1472,CUST-0017,winter
14/11/2024,CHAIN-428H,9,3150,retail,barishal,INV-2024-1473,CUST-0044,winter
21/11/2024,CHAIN-428H,6,2100,wholesale,dhaka,INV-2024-1474,CUST-0008,winter
06/11/2024,CHAIN-420,8,1840,online,barishal,INV-2024-1475,CUST-0005,winter
17/11/2024,CHAIN-420,6,1380,online,dhaka,INV-2024-1476,CUST-0009,winter
24/11/2024,CHAIN-420,20,4600,retail,rajshahi,INV-2024-1477,CUST-0025,winter
08/11/2024,FILT-OIL-100,49,4655,wholesale,dhaka,INV-2024-1478,CUST-0018,winter
12/11/2024,FILT-OIL-100,79,7505,online,khulna,INV-2024-1479,CUST-0038,winter
17/11/2024,FILT-OIL-100,20,1900,retail,barishal,INV-2024-1480,CUST-0006,winter
24/11/2024,FILT-OIL-100,4,380,wholesale,rajshahi,INV-2024-1481,CUST-0040,winter
05/11/2024,FILT-OIL-125,25,2750,wholesale,chittagong,INV-2024-1482,CUST-0041,winter
10/11/2024,FILT-OIL-125,21,2310,wholesale,barishal,INV-2024-1483,CUST-0003,winter
17/11/2024,FILT-OIL-125,17,1870,online,dhaka,INV-2024-1484,CUST-0029,winter
21/11/2024,FILT-OIL-125,16,1760,retail,khulna,INV-2024-1485,CUST-0020,winter
26/11/2024,FILT-OIL-125,15,1650,retail,chittagong,INV-2024-1486,CUST-0011,winter
08/11/2024,FILT-AIR-100,25,2050,wholesale,dhaka,INV-2024-1487,CUST-0022,winter
12/11/2024,FILT-AIR-100,8,656,retail,chittagong,INV-2024-1488,CUST-0027,winter
17/11/2024,FILT-AIR-100,74,6068,retail,dhaka,INV-2024-1489,CUST-0018,winter
26/11/2024,FILT-AIR-100,29,2378,retail,dhaka,INV-2024-1490,CUST-0015,winter
12/11/2024,FILT-AIR-125,72,6480,retail,chittagong,INV-2024-1491,CUST-0018,winter
22/11/2024,FILT-AIR-125,17,1530,retail,barishal,INV-2024-1492,CUST-0005,winter
07/11/2024,BRKE-PAD-DISC,12,2100,online,mymensingh,INV-2024-1493,CUST-0049,winter
14/11/2024,BRKE-PAD-DISC,25,4375,wholesale,rajshahi,INV-2024-1494,CUST-0017,winter
24/11/2024,BRKE-PAD-DISC,9,1575,retail,dhaka,INV-2024-1495,CUST-0023,winter
06/11/2024,BRKE-PAD-DRUM,21,2835,wholesale,dhaka,INV-2024-1496,CUST-0036,winter
09/11/2024,BRKE-PAD-DRUM,18,2430,wholesale,rajshahi,INV-2024-1497,CUST-0030,winter
14/11/2024,BRKE-PAD-DRUM,17,2295,retail,dhaka,INV-2024-1498,CUST-0013,winter
19/11/2024,BRKE-PAD-DRUM,1,135,online,chittagong,INV-2024-1499,CUST-0027,winter
26/11/2024,BRKE-PAD-DRUM,15,2025,retail,dhaka,INV-2024-1500,CUST-0036,winter
05/11/2024,TIRE-100-18,4,4400,retail,dhaka,INV-2024-1501,CUST-0044,winter
16/11/2024,TIRE-100-18,1,1100,wholesale,rajshahi,INV-2024-1502,CUST-0045,winter
22/11/2024,TIRE-100-18,7,7700,retail,chittagong,INV-2024-1503,CUST-0002,winter
10/11/2024,TIRE-100-17,15,14700,wholesale,sylhet,INV-2024-1504,CUST-0039,winter
22/11/2024,TIRE-100-17,3,2940,retail,chittagong,INV-2024-1505,CUST-0025,winter
03/11/2024,TIRE-125-18,1,1350,wholesale,dhaka,INV-2024-1506,CUST-0032,winter
09/11/2024,TIRE-125-18,2,2700,retail,dhaka,INV-2024-1507,CUST-0025,winter
13/11/2024,TIRE-125-18,1,1350,retail,dhaka,INV-2024-1508,CUST-0043,winter
22/11/2024,TIRE-125-18,1,1350,retail,chittagong,INV-2024-1509,CUST-0024,winter
24/11/2024,TIRE-125-18,4,5400,retail,chittagong,INV-2024-1510,CUST-0027,winter
08/11/2024,BATT-12V7A,5,7500,online,rangpur,INV-2024-1511,CUST-0009,winter
21/11/2024,BATT-12V7A,16,24000,retail,khulna,INV-2024-1512,CUST-0046,winter
09/11/2024,BATT-12V9A,4,7000,online,dhaka,INV-2024-1513,CUST-0029,winter
16/11/2024,BATT-12V9A,7,12250,retail,dhaka,INV-2024-1514,CUST-0016,winter
22/11/2024,BATT-12V9A,4,7000,online,chittagong,INV-2024-1515,CUST-0032,winter
11/11/2024,SPRK-NGK-C4HSA,128,16640,wholesale,rajshahi,INV-2024-1516,CUST-0020,winter
20/11/2024,SPRK-NGK-C4HSA,50,6500,wholesale,dhaka,INV-2024-1517,CUST-0012,winter
06/11/2024,SPRK-NGK-BPR6ES,50,7250,online,dhaka,INV-2024-1518,CUST-0016,winter
17/11/2024,SPRK-NGK-BPR6ES,41,5945,retail,barishal,INV-2024-1519,CUST-0041,winter
20/11/2024,SPRK-NGK-BPR6ES,26,3770,wholesale,chittagong,INV-2024-1520,CUST-0005,winter
05/11/2024,CABL-CLUTCH-100,19,2375,wholesale,rajshahi,INV-2024-1521,CUST-0050,winter
15/11/2024,CABL-CLUTCH-100,9,1125,retail,dhaka,INV-2024-1522,CUST-0017,winter
20/11/2024,CABL-CLUTCH-100,16,2000,retail,dhaka,INV-2024-1523,CUST-0002,winter
04/11/2024,CABL-THROT-100,6,648,wholesale,dhaka,INV-2024-1524,CUST-0016,winter
10/11/2024,CABL-THROT-100,13,1404,retail,rajshahi,INV-2024-1525,CUST-0031,winter
16/11/2024,CABL-THROT-100,15,1620,wholesale,khulna,INV-2024-1526,CUST-0011,winter
21/11/2024,CABL-THROT-100,7,756,wholesale,khulna,INV-2024-1527,CUST-0012,winter
26/11/2024,CABL-THROT-100,1,108,wholesale,dhaka,INV-2024-1528,CUST-0026,winter
10/11/2024,CABL-SPED-100,24,2280,retail,dhaka,INV-2024-1529,CUST-0044,winter
19/11/2024,CABL-SPED-100,6,570,retail,chittagong,INV-2024-1530,CUST-0004,winter
08/11/2024,BEAR-6201,133,9975,wholesale,dhaka,INV-2024-1531,CUST-0050,winter
22/11/2024,BEAR-6201,105,7875,retail,dhaka,INV-2024-1532,CUST-0016,winter
10/11/2024,BEAR-6202,49,4018,retail,sylhet,INV-2024-1533,CUST-0007,winter
19/11/2024,BEAR-6202,115,9430,wholesale,rajshahi,INV-2024-1534,CUST-0011,winter
10/11/2024,BEAR-6301,102,9180,retail,chittagong,INV-2024-1535,CUST-0014,winter
20/11/2024,BEAR-6301,26,2340,retail,rangpur,INV-2024-1536,CUST-0028,winter
07/11/2024,CLUT-PLATE-100,5,1250,retail,dhaka,INV-2024-1537,CUST-0043,winter
13/11/2024,CLUT-PLATE-100,17,4250,wholesale,khulna,INV-2024-1538,CUST-0024,winter
23/11/2024,CLUT-PLATE-100,1,250,online,dhaka,INV-2024-1539,CUST-0027,winter
04/11/2024,CLUT-PLATE-125,5,1450,wholesale,mymensingh,INV-2024-1540,CUST-0044,winter
10/11/2024,CLUT-PLATE-125,1,290,wholesale,barishal,INV-2024-1541,CUST-0009,winter
13/11/2024,CLUT-PLATE-125,3,870,wholesale,dhaka,INV-2024-1542,CUST-0045,winter
22/11/2024,CLUT-PLATE-125,5,1450,online,dhaka,INV-2024-1543,CUST-0031,winter
25/11/2024,CLUT-PLATE-125,4,1160,retail,dhaka,INV-2024-1544,CUST-0038,winter
05/11/2024,ENGN-OIL-10W30,39,12480,wholesale,dhaka,INV-2024-1545,CUST-0049,winter
17/11/2024,ENGN-OIL-10W30,55,17600,retail,dhaka,INV-2024-1546,CUST-0009,winter
20/11/2024,ENGN-OIL-10W30,1,320,retail,dhaka,INV-2024-1547,CUST-0010,winter
11/11/2024,ENGN-OIL-20W40,17,5950,retail,dhaka,INV-2024-1548,CUST-0049,winter
20/11/2024,ENGN-OIL-20W40,52,18200,wholesale,dhaka,INV-2024-1549,CUST-0027,winter
08/11/2024,FORK-SEAL-100,11,1320,retail,sylhet,INV-2024-1550,CUST-0021,winter
10/11/2024,FORK-SEAL-100,4,480,wholesale,dhaka,INV-2024-1551,CUST-0005,winter
17/11/2024,FORK-SEAL-100,11,1320,retail,khulna,INV-2024-1552,CUST-0013,winter
23/11/2024,FORK-SEAL-100,5,600,online,dhaka,INV-2024-1553,CUST-0014,winter
06/11/2024,SHCK-REAR-100,2,1560,retail,chittagong,INV-2024-1554,CUST-0011,winter
17/11/2024,SHCK-REAR-100,3,2340,retail,rajshahi,INV-2024-1555,CUST-0012,winter
20/11/2024,SHCK-REAR-100,4,3120,retail,sylhet,INV-2024-1556,CUST-0037,winter
07/11/2024,HEAD-LED-H4,4,2080,retail,dhaka,INV-2024-1557,CUST-0033,winter
16/11/2024,HEAD-LED-H4,12,6240,retail,sylhet,INV-2024-1558,CUST-0010,winter
23/11/2024,HEAD-LED-H4,1,520,wholesale,khulna,INV-2024-1559,CUST-0002,winter
04/11/2024,HEAD-HALO-H4,7,1680,retail,chittagong,INV-2024-1560,CUST-0039,winter
10/11/2024,HEAD-HALO-H4,6,1440,retail,chittagong,INV-2024-1561,CUST-0046,winter
16/11/2024,HEAD-HALO-H4,7,1680,retail,chittagong,INV-2024-1562,CUST-0013,winter
21/11/2024,HEAD-HALO-H4,5,1200,online,dhaka,INV-2024-1563,CUST-0047,winter
25/11/2024,HEAD-HALO-H4,1,240,retail,rajshahi,INV-2024-1564,CUST-0027,winter
04/11/2024,TAIL-UNIV-A,9,1755,wholesale,dhaka,INV-2024-1565,CUST-0017,winter
10/11/2024,TAIL-UNIV-A,7,1365,wholesale,rajshahi,INV-2024-1566,CUST-0023,winter
19/11/2024,TAIL-UNIV-A,23,4485,retail,chittagong,INV-2024-1567,CUST-0045,winter
26/11/2024,TAIL-UNIV-A,2,390,retail,dhaka,INV-2024-1568,CUST-0025,winter
05/11/2024,MIRR-ROUND-10,18,1404,online,sylhet,INV-2024-1569,CUST-0010,winter
14/11/2024,MIRR-ROUND-10,3,234,wholesale,dhaka,INV-2024-1570,CUST-0043,winter
22/11/2024,MIRR-ROUND-10,60,4680,retail,khulna,INV-2024-1571,CUST-0050,winter
04/11/2024,HDLB-RAISED-22,2,580,wholesale,rangpur,INV-2024-1572,CUST-0025,winter
11/11/2024,HDLB-RAISED-22,3,870,wholesale,chittagong,INV-2024-1573,CUST-0049,winter
15/11/2024,HDLB-RAISED-22,5,1450,wholesale,khulna,INV-2024-1574,CUST-0006,winter
20/11/2024,HDLB-RAISED-22,2,580,wholesale,dhaka,INV-2024-1575,CUST-0023,winter
27/11/2024,HDLB-RAISED-22,1,290,retail,khulna,INV-2024-1576,CUST-0014,winter
07/11/2024,SEAT-COMM-100,7,2450,retail,dhaka,INV-2024-1577,CUST-0009,winter
11/11/2024,SEAT-COMM-100,1,350,retail,dhaka,INV-2024-1578,CUST-0008,winter
15/11/2024,SEAT-COMM-100,2,700,wholesale,chittagong,INV-2024-1579,CUST-0012,winter
21/11/2024,SEAT-COMM-100,3,1050,wholesale,dhaka,INV-2024-1580,CUST-0049,winter
24/11/2024,SEAT-COMM-100,1,350,online,dhaka,INV-2024-1581,CUST-0027,winter
10/11/2024,TANK-FUEL-10L,4,6200,retail,dhaka,INV-2024-1582,CUST-0022,winter
18/11/2024,TANK-FUEL-10L,1,1550,retail,dhaka,INV-2024-1583,CUST-0032,winter
12/11/2024,EXHS-BAJ-100,1,720,wholesale,dhaka,INV-2024-1584,CUST-0001,winter
18/11/2024,EXHS-BAJ-100,9,6480,wholesale,dhaka,INV-2024-1585,CUST-0049,winter
05/11/2024,CARB-KEI-VM17,1,1200,online,sylhet,INV-2024-1586,CUST-0022,winter
09/11/2024,CARB-KEI-VM17,1,1200,retail,khulna,INV-2024-1587,CUST-0045,winter
15/11/2024,CARB-KEI-VM17,1,1200,wholesale,chittagong,INV-2024-1588,CUST-0009,winter
21/11/2024,CARB-KEI-VM17,1,1200,retail,dhaka,INV-2024-1589,CUST-0034,winter
26/11/2024,CARB-KEI-VM17,2,2400,wholesale,dhaka,INV-2024-1590,CUST-0016,winter
05/12/2024,PIST-BAJ-100,10,5800,retail,sylhet,INV-2024-1591,CUST-0032,winter
08/12/2024,PIST-BAJ-100,13,7540,wholesale,chittagong,INV-2024-1592,CUST-0006,winter
15/12/2024,PIST-BAJ-100,1,580,online,dhaka,INV-2024-1593,CUST-0031,winter
18/12/2024,PIST-BAJ-100,13,7540,online,mymensingh,INV-2024-1594,CUST-0007,winter
25/12/2024,PIST-BAJ-100,19,11020,retail,rajshahi,INV-2024-1595,CUST-0013,winter
10/12/2024,PIST-BAJ-150,5,4100,retail,mymensingh,INV-2024-1596,CUST-0029,winter
22/12/2024,PIST-BAJ-150,30,24600,retail,rangpur,INV-2024-1597,CUST-0035,winter
05/12/2024,PIST-HERO-100,7,3570,online,dhaka,INV-2024-1598,CUST-0025,winter
16/12/2024,PIST-HERO-100,37,18870,retail,rajshahi,INV-2024-1599,CUST-0017,winter
21/12/2024,PIST-HERO-100,28,14280,online,sylhet,INV-2024-1600,CUST-0043,winter
07/12/2024,PIST-HONDA-125,18,11520,wholesale,rajshahi,INV-2024-1601,CUST-0042,winter
14/12/2024,PIST-HONDA-125,12,7680,online,dhaka,INV-2024-1602,CUST-0048,winter
25/12/2024,PIST-HONDA-125,10,6400,retail,rajshahi,INV-2024-1603,CUST-0042,winter
04/12/2024,GASK-BAJ-100,60,14400,online,khulna,INV-2024-1604,CUST-0037,winter
08/12/2024,GASK-BAJ-100,17,4080,retail,rajshahi,INV-2024-1605,CUST-0038,winter
17/12/2024,GASK-BAJ-100,9,2160,wholesale,chittagong,INV-2024-1606,CUST-0028,winter
20/12/2024,GASK-BAJ-100,7,1680,retail,dhaka,INV-2024-1607,CUST-0044,winter
24/12/2024,GASK-BAJ-100,6,1440,retail,rangpur,INV-2024-1608,CUST-0043,winter
07/12/2024,GASK-UNIV-125,7,2030,retail,khulna,INV-2024-1609,CUST-0030,winter
14/12/2024,GASK-UNIV-125,1,290,retail,dhaka,INV-2024-1610,CUST-0048,winter
23/12/2024,GASK-UNIV-125,59,17110,wholesale,sylhet,INV-2024-1611,CUST-0045,winter
08/12/2024,CHAIN-428H,3,1050,online,dhaka,INV-2024-1612,CUST-0004,winter
13/12/2024,CHAIN-428H,9,3150,retail,mymensingh,INV-2024-1613,CUST-0046,winter
17/12/2024,CHAIN-428H,1,350,wholesale,dhaka,INV-2024-1614,CUST-0015,winter
25/12/2024,CHAIN-428H,9,3150,retail,rajshahi,INV-2024-1615,CUST-0050,winter
07/12/2024,CHAIN-420,8,1840,wholesale,mymensingh,INV-2024-1616,CUST-0026,winter
11/12/2024,CHAIN-420,4,920,wholesale,dhaka,INV-2024-1617,CUST-0019,winter
15/12/2024,CHAIN-420,10,2300,retail,sylhet,INV-2024-1618,CUST-0036,winter
21/12/2024,CHAIN-420,11,2530,retail,dhaka,INV-2024-1619,CUST-0049,winter
26/12/2024,CHAIN-420,2,460,online,rajshahi,INV-2024-1620,CUST-0004,winter
05/12/2024,FILT-OIL-100,54,5130,retail,rajshahi,INV-2024-1621,CUST-0047,winter
11/12/2024,FILT-OIL-100,19,1805,retail,khulna,INV-2024-1622,CUST-0010,winter
17/12/2024,FILT-OIL-100,17,1615,online,dhaka,INV-2024-1623,CUST-0044,winter
23/12/2024,FILT-OIL-100,82,7790,online,khulna,INV-2024-1624,CUST-0007,winter
04/12/2024,FILT-OIL-125,8,880,retail,dhaka,INV-2024-1625,CUST-0045,winter
11/12/2024,FILT-OIL-125,2,220,retail,chittagong,INV-2024-1626,CUST-0048,winter
14/12/2024,FILT-OIL-125,45,4950,wholesale,dhaka,INV-2024-1627,CUST-0043,winter
18/12/2024,FILT-OIL-125,30,3300,wholesale,sylhet,INV-2024-1628,CUST-0042,winter
23/12/2024,FILT-OIL-125,27,2970,wholesale,dhaka,INV-2024-1629,CUST-0029,winter
12/12/2024,FILT-AIR-100,61,5002,wholesale,dhaka,INV-2024-1630,CUST-0037,winter
19/12/2024,FILT-AIR-100,64,5248,wholesale,chittagong,INV-2024-1631,CUST-0007,winter
07/12/2024,FILT-AIR-125,21,1890,retail,dhaka,INV-2024-1632,CUST-0035,winter
17/12/2024,FILT-AIR-125,54,4860,wholesale,dhaka,INV-2024-1633,CUST-0002,winter
22/12/2024,FILT-AIR-125,38,3420,wholesale,dhaka,INV-2024-1634,CUST-0034,winter
08/12/2024,BRKE-PAD-DISC,41,7175,wholesale,khulna,INV-2024-1635,CUST-0001,winter
19/12/2024,BRKE-PAD-DISC,11,1925,wholesale,chittagong,INV-2024-1636,CUST-0008,winter
05/12/2024,BRKE-PAD-DRUM,41,5535,retail,chittagong,INV-2024-1637,CUST-0035,winter
13/12/2024,BRKE-PAD-DRUM,5,675,online,dhaka,INV-2024-1638,CUST-0043,winter
21/12/2024,BRKE-PAD-DRUM,16,2160,retail,dhaka,INV-2024-1639,CUST-0034,winter
08/12/2024,TIRE-100-18,5,5500,wholesale,chittagong,INV-2024-1640,CUST-0043,winter
12/12/2024,TIRE-100-18,3,3300,retail,khulna,INV-2024-1641,CUST-0013,winter
20/12/2024,TIRE-100-18,4,4400,online,dhaka,INV-2024-1642,CUST-0014,winter
26/12/2024,TIRE-100-18,5,5500,wholesale,rangpur,INV-2024-1643,CUST-0014,winter
07/12/2024,TIRE-100-17,2,1960,retail,dhaka,INV-2024-1644,CUST-0028,winter
11/12/2024,TIRE-100-17,12,11760,retail,rangpur,INV-2024-1645,CUST-0014,winter
19/12/2024,TIRE-100-17,1,980,wholesale,dhaka,INV-2024-1646,CUST-0041,winter
25/12/2024,TIRE-100-17,5,4900,retail,sylhet,INV-2024-1647,CUST-0024,winter
08/12/2024,TIRE-125-18,3,4050,retail,rangpur,INV-2024-1648,CUST-0018,winter
16/12/2024,TIRE-125-18,1,1350,retail,dhaka,INV-2024-1649,CUST-0036,winter
21/12/2024,TIRE-125-18,7,9450,retail,chittagong,INV-2024-1650,CUST-0006,winter
07/12/2024,BATT-12V7A,8,12000,retail,rajshahi,INV-2024-1651,CUST-0034,winter
11/12/2024,BATT-12V7A,2,3000,retail,rajshahi,INV-2024-1652,CUST-0032,winter
19/12/2024,BATT-12V7A,9,13500,retail,dhaka,INV-2024-1653,CUST-0037,winter
22/12/2024,BATT-12V7A,3,4500,wholesale,khulna,INV-2024-1654,CUST-0039,winter
11/12/2024,BATT-12V9A,2,3500,wholesale,dhaka,INV-2024-1655,CUST-0035,winter
19/12/2024,BATT-12V9A,12,21000,online,chittagong,INV-2024-1656,CUST-0026,winter
06/12/2024,SPRK-NGK-C4HSA,30,3900,retail,chittagong,INV-2024-1657,CUST-0047,winter
14/12/2024,SPRK-NGK-C4HSA,80,10400,retail,sylhet,INV-2024-1658,CUST-0050,winter
24/12/2024,SPRK-NGK-C4HSA,84,10920,wholesale,dhaka,INV-2024-1659,CUST-0046,winter
05/12/2024,SPRK-NGK-BPR6ES,42,6090,wholesale,khulna,INV-2024-1660,CUST-0005,winter
08/12/2024,SPRK-NGK-BPR6ES,35,5075,online,rajshahi,INV-2024-1661,CUST-0011,winter
15/12/2024,SPRK-NGK-BPR6ES,21,3045,retail,chittagong,INV-2024-1662,CUST-0019,winter
21/12/2024,SPRK-NGK-BPR6ES,12,1740,retail,chittagong,INV-2024-1663,CUST-0001,winter
25/12/2024,SPRK-NGK-BPR6ES,18,2610,retail,rangpur,INV-2024-1664,CUST-0033,winter
09/12/2024,CABL-CLUTCH-100,12,1500,retail,dhaka,INV-2024-1665,CUST-0048,winter
13/12/2024,CABL-CLUTCH-100,13,1625,retail,dhaka,INV-2024-1666,CUST-0035,winter
24/12/2024,CABL-CLUTCH-100,26,3250,retail,rajshahi,INV-2024-1667,CUST-0048,winter
12/12/2024,CABL-THROT-100,21,2268,retail,dhaka,INV-2024-1668,CUST-0009,winter
19/12/2024,CABL-THROT-100,34,3672,online,chittagong,INV-2024-1669,CUST-0028,winter
06/12/2024,CABL-SPED-100,10,950,retail,dhaka,INV-2024-1670,CUST-0017,winter
17/12/2024,CABL-SPED-100,3,285,wholesale,dhaka,INV-2024-1671,CUST-0037,winter
21/12/2024,CABL-SPED-100,23,2185,online,dhaka,INV-2024-1672,CUST-0042,winter
11/12/2024,BEAR-6201,120,9000,wholesale,dhaka,INV-2024-1673,CUST-0022,winter
18/12/2024,BEAR-6201,115,8625,retail,dhaka,INV-2024-1674,CUST-0023,winter
06/12/2024,BEAR-6202,104,8528,retail,chittagong,INV-2024-1675,CUST-0008,winter
13/12/2024,BEAR-6202,2,164,retail,barishal,INV-2024-1676,CUST-0050,winter
25/12/2024,BEAR-6202,112,9184,retail,sylhet,INV-2024-1677,CUST-0026,winter
07/12/2024,BEAR-6301,35,3150,retail,dhaka,INV-2024-1678,CUST-0023,winter
13/12/2024,BEAR-6301,15,1350,wholesale,barishal,INV-2024-1679,CUST-0008,winter
17/12/2024,BEAR-6301,66,5940,retail,dhaka,INV-2024-1680,CUST-0026,winter
23/12/2024,BEAR-6301,9,810,retail,chittagong,INV-2024-1681,CUST-0003,winter
08/12/2024,CLUT-PLATE-100,8,2000,wholesale,chittagong,INV-2024-1682,CUST-0009,winter
16/12/2024,CLUT-PLATE-100,9,2250,wholesale,dhaka,INV-2024-1683,CUST-0026,winter
25/12/2024,CLUT-PLATE-100,9,2250,online,chittagong,INV-2024-1684,CUST-0025,winter
10/12/2024,CLUT-PLATE-125,16,4640,wholesale,dhaka,INV-2024-1685,CUST-0004,winter
22/12/2024,CLUT-PLATE-125,3,870,retail,sylhet,INV-2024-1686,CUST-0039,winter
07/12/2024,ENGN-OIL-10W30,28,8960,online,khulna,INV-2024-1687,CUST-0016,winter
09/12/2024,ENGN-OIL-10W30,17,5440,retail,sylhet,INV-2024-1688,CUST-0031,winter
14/12/2024,ENGN-OIL-10W30,5,1600,wholesale,rajshahi,INV-2024-1689,CUST-0045,winter
20/12/2024,ENGN-OIL-10W30,25,8000,wholesale,rajshahi,INV-2024-1690,CUST-0013,winter
23/12/2024,ENGN-OIL-10W30,36,11520,wholesale,mymensingh,INV-2024-1691,CUST-0041,winter
09/12/2024,ENGN-OIL-20W40,54,18900,wholesale,chittagong,INV-2024-1692,CUST-0006,winter
19/12/2024,ENGN-OIL-20W40,16,5600,retail,khulna,INV-2024-1693,CUST-0034,winter
05/12/2024,FORK-SEAL-100,10,1200,retail,dhaka,INV-2024-1694,CUST-0023,winter
15/12/2024,FORK-SEAL-100,18,2160,retail,rajshahi,INV-2024-1695,CUST-0004,winter
21/12/2024,FORK-SEAL-100,3,360,retail,dhaka,INV-2024-1696,CUST-0043,winter
06/12/2024,SHCK-REAR-100,3,2340,retail,dhaka,INV-2024-1697,CUST-0007,winter
15/12/2024,SHCK-REAR-100,2,1560,wholesale,sylhet,INV-2024-1698,CUST-0050,winter
24/12/2024,SHCK-REAR-100,6,4680,retail,khulna,INV-2024-1699,CUST-0048,winter
04/12/2024,HEAD-LED-H4,4,2080,online,dhaka,INV-2024-1700,CUST-0042,winter
11/12/2024,HEAD-LED-H4,5,2600,retail,khulna,INV-2024-1701,CUST-0029,winter
20/12/2024,HEAD-LED-H4,10,5200,retail,barishal,INV-2024-1702,CUST-0035,winter
22/12/2024,HEAD-LED-H4,1,520,retail,sylhet,INV-2024-1703,CUST-0031,winter
09/12/2024,HEAD-HALO-H4,20,4800,online,mymensingh,INV-2024-1704,CUST-0029,winter
15/12/2024,HEAD-HALO-H4,5,1200,retail,sylhet,INV-2024-1705,CUST-0028,winter
25/12/2024,HEAD-HALO-H4,5,1200,retail,dhaka,INV-2024-1706,CUST-0033,winter
09/12/2024,TAIL-UNIV-A,17,3315,retail,rajshahi,INV-2024-1707,CUST-0044,winter
13/12/2024,TAIL-UNIV-A,21,4095,wholesale,chittagong,INV-2024-1708,CUST-0005,winter
22/12/2024,TAIL-UNIV-A,4,780,wholesale,dhaka,INV-2024-1709,CUST-0025,winter
03/12/2024,MIRR-ROUND-10,26,2028,online,dhaka,INV-2024-1710,CUST-0019,winter
12/12/2024,MIRR-ROUND-10,17,1326,wholesale,rajshahi,INV-2024-1711,CUST-0011,winter
16/12/2024,MIRR-ROUND-10,12,936,wholesale,dhaka,INV-2024-1712,CUST-0019,winter
22/12/2024,MIRR-ROUND-10,10,780,retail,dhaka,INV-2024-1713,CUST-0018,winter
27/12/2024,MIRR-ROUND-10,14,1092,retail,barishal,INV-2024-1714,CUST-0004,winter
07/12/2024,HDLB-RAISED-22,12,3480,online,dhaka,INV-2024-1715,CUST-0036,winter
17/12/2024,HDLB-RAISED-22,3,870,retail,dhaka,INV-2024-1716,CUST-0040,winter
23/12/2024,HDLB-RAISED-22,1,290,online,dhaka,INV-2024-1717,CUST-0041,winter
08/12/2024,SEAT-COMM-100,1,350,retail,rangpur,INV-2024-1718,CUST-0041,winter
14/12/2024,SEAT-COMM-100,6,2100,wholesale,sylhet,INV-2024-1719,CUST-0029,winter
16/12/2024,SEAT-COMM-100,1,350,retail,dhaka,INV-2024-1720,CUST-0038,winter
25/12/2024,SEAT-COMM-100,6,2100,online,sylhet,INV-2024-1721,CUST-0026,winter
05/12/2024,TANK-FUEL-10L,3,4650,wholesale,chittagong,INV-2024-1722,CUST-0012,winter
16/12/2024,TANK-FUEL-10L,1,1550,retail,dhaka,INV-2024-1723,CUST-0047,winter
22/12/2024,TANK-FUEL-10L,1,1550,retail,dhaka,INV-2024-1724,CUST-0020,winter
06/12/2024,EXHS-BAJ-100,4,2880,online,dhaka,INV-2024-1725,CUST-0026,winter
13/12/2024,EXHS-BAJ-100,3,2160,wholesale,dhaka,INV-2024-1726,CUST-0047,winter
24/12/2024,EXHS-BAJ-100,1,720,retail,rajshahi,INV-2024-1727,CUST-0007,winter
08/12/2024,CARB-KEI-VM17,5,6000,retail,dhaka,INV-2024-1728,CUST-0010,winter
19/12/2024,CARB-KEI-VM17,1,1200,wholesale,rangpur,INV-2024-1729,CUST-0001,winter
