date,product_sku,quantity,revenue,channel,region,invoice_no,customer_id,season
08/01/2025,PIST-BAJ-100,28,16240,wholesale,dhaka,INV-2025-0001,CUST-0029,winter
19/01/2025,PIST-BAJ-100,42,24360,retail,khulna,INV-2025-0002,CUST-0031,winter
12/01/2025,PIST-BAJ-150,21,17220,retail,dhaka,INV-2025-0003,CUST-0035,winter
18/01/2025,PIST-BAJ-150,10,8200,wholesale,dhaka,INV-2025-0004,CUST-0027,winter
07/01/2025,PIST-HERO-100,3,1530,wholesale,sylhet,INV-2025-0005,CUST-0008,winter
14/01/2025,PIST-HERO-100,53,27030,online,chittagong,INV-2025-0006,CUST-0015,winter
24/01/2025,PIST-HERO-100,18,9180,online,dhaka,INV-2025-0007,CUST-0023,winter
05/01/2025,PIST-HONDA-125,2,1280,wholesale,chittagong,INV-2025-0008,CUST-0010,winter
13/01/2025,PIST-HONDA-125,13,8320,wholesale,barishal,INV-2025-0009,CUST-0040,winter
20/01/2025,PIST-HONDA-125,14,8960,retail,khulna,INV-2025-0010,CUST-0007,winter
24/01/2025,PIST-HONDA-125,13,8320,retail,dhaka,INV-2025-0011,CUST-0024,winter
09/01/2025,GASK-BAJ-100,52,12480,retail,dhaka,INV-2025-0012,CUST-0047,winter
19/01/2025,GASK-BAJ-100,57,13680,online,rajshahi,INV-2025-0013,CUST-0005,winter
05/01/2025,GASK-UNIV-125,23,6670,retail,sylhet,INV-2025-0014,CUST-0041,winter
10/01/2025,GASK-UNIV-125,7,2030,wholesale,dhaka,INV-2025-0015,CUST-0042,winter
16/01/2025,GASK-UNIV-125,2,580,retail,barishal,INV-2025-0016,CUST-0036,winter
21/01/2025,GASK-UNIV-125,25,7250,wholesale,chittagong,INV-2025-0017,CUST-0035,winter
26/01/2025,GASK-UNIV-125,4,1160,retail,chittagong,INV-2025-0018,CUST-0006,winter
05/01/2025,CHAIN-428H,6,2100,online,chittagong,INV-2025-0019,CUST-0008,winter
08/01/2025,CHAIN-428H,9,3150,retail,dhaka,INV-2025-0020,CUST-0050,winter
14/01/2025,CHAIN-428H,9,3150,retail,khulna,INV-2025-0021,CUST-0010,winter
18/01/2025,CHAIN-428H,3,1050,wholesale,khulna,INV-2025-0022,CUST-0027,winter
25/01/2025,CHAIN-428H,1,350,wholesale,dhaka,INV-2025-0023,CUST-0004,winter
11/01/2025,CHAIN-420,25,5750,retail,sylhet,INV-2025-0024,CUST-0004,winter
18/01/2025,CHAIN-420,19,4370,wholesale,rajshahi,INV-2025-0025,CUST-0005,winter
05/01/2025,FILT-OIL-100,11,1045,retail,dhaka,INV-2025-0026,CUST-0048,winter
17/01/2025,FILT-OIL-100,126,11970,wholesale,dhaka,INV-2025-0027,CUST-0020,winter
24/01/2025,FILT-OIL-100,27,2565,wholesale,chittagong,INV-2025-0028,CUST-0029,winter
08/01/2025,FILT-OIL-125,87,9570,wholesale,rajshahi,INV-2025-0029,CUST-0001,winter
22/01/2025,FILT-OIL-125,47,5170,retail,dhaka,INV-2025-0030,CUST-0030,winter
05/01/2025,FILT-AIR-100,50,4100,online,dhaka,INV-2025-0031,CUST-0048,winter
12/01/2025,FILT-AIR-100,28,2296,wholesale,dhaka,INV-2025-0032,CUST-0015,winter
16/01/2025,FILT-AIR-100,39,3198,wholesale,dhaka,INV-2025-0033,CUST-0036,winter
26/01/2025,FILT-AIR-100,23,1886,retail,sylhet,INV-2025-0034,CUST-0045,winter
07/01/2025,FILT-AIR-125,48,4320,retail,dhaka,INV-2025-0035,CUST-0050,winter
11/01/2025,FILT-AIR-125,30,2700,retail,khulna,INV-2025-0036,CUST-0019,winter
18/01/2025,FILT-AIR-125,27,2430,retail,dhaka,INV-2025-0037,CUST-0014,winter
22/01/2025,FILT-AIR-125,4,360,wholesale,chittagong,INV-2025-0038,CUST-0020,winter
09/01/2025,BRKE-PAD-DISC,34,5950,wholesale,chittagong,INV-2025-0039,CUST-0003,winter
17/01/2025,BRKE-PAD-DISC,2,350,retail,dhaka,INV-2025-0040,CUST-0020,winter
21/01/2025,BRKE-PAD-DISC,14,2450,retail,dhaka,INV-2025-0041,CUST-0019,winter
06/01/2025,BRKE-PAD-DRUM,25,3375,wholesale,chittagong,INV-2025-0042,CUST-0007,winter
13/01/2025,BRKE-PAD-DRUM,32,4320,wholesale,chittagong,INV-2025-0043,CUST-0002,winter
23/01/2025,BRKE-PAD-DRUM,29,3915,retail,chittagong,INV-2025-0044,CUST-0038,winter
11/01/2025,TIRE-100-18,12,13200,retail,barishal,INV-2025-0045,CUST-0046,winter
18/01/2025,TIRE-100-18,6,6600,retail,dhaka,INV-2025-0046,CUST-0044,winter
09/01/2025,TIRE-100-17,9,8820,retail,chittagong,INV-2025-0047,CUST-0019,winter
17/01/2025,TIRE-100-17,4,3920,online,dhaka,INV-2025-0048,CUST-0028,winter
23/01/2025,TIRE-100-17,9,8820,wholesale,dhaka,INV-2025-0049,CUST-0044,winter
09/01/2025,TIRE-125-18,4,5400,retail,khulna,INV-2025-0050,CUST-0020,winter
16/01/2025,TIRE-125-18,3,4050,online,chittagong,INV-2025-0051,CUST-0006,winter
21/01/2025,TIRE-125-18,4,5400,retail,chittagong,INV-2025-0052,CUST-0011,winter
05/01/2025,BATT-12V7A,2,3000,retail,dhaka,INV-2025-0053,CUST-0017,winter
14/01/2025,BATT-12V7A,16,24000,retail,rajshahi,INV-2025-0054,CUST-0009,winter
24/01/2025,BATT-12V7A,10,15000,online,rangpur,INV-2025-0055,CUST-0032,winter
06/01/2025,BATT-12V9A,2,3500,wholesale,dhaka,INV-2025-0056,CUST-0033,winter
14/01/2025,BATT-12V9A,5,8750,online,chittagong,INV-2025-0057,CUST-0044,winter
20/01/2025,BATT-12V9A,6,10500,online,dhaka,INV-2025-0058,CUST-0004,winter
24/01/2025,BATT-12V9A,1,1750,retail,rajshahi,INV-2025-0059,CUST-0036,winter
11/01/2025,SPRK-NGK-C4HSA,114,14820,online,dhaka,INV-2025-0060,CUST-0043,winter
18/01/2025,SPRK-NGK-C4HSA,62,8060,retail,dhaka,INV-2025-0061,CUST-0042,winter
06/01/2025,SPRK-NGK-BPR6ES,9,1305,online,dhaka,INV-2025-0062,CUST-0032,winter
09/01/2025,SPRK-NGK-BPR6ES,14,2030,wholesale,dhaka,INV-2025-0063,CUST-0008,winter
16/01/2025,SPRK-NGK-BPR6ES,9,1305,retail,dhaka,INV-2025-0064,CUST-0010,winter
20/01/2025,SPRK-NGK-BPR6ES,76,11020,retail,rangpur,INV-2025-0065,CUST-0014,winter
23/01/2025,SPRK-NGK-BPR6ES,31,4495,retail,dhaka,INV-2025-0066,CUST-0039,winter
11/01/2025,CABL-CLUTCH-100,38,4750,retail,dhaka,INV-2025-0067,CUST-0002,winter
21/01/2025,CABL-CLUTCH-100,14,1750,wholesale,rangpur,INV-2025-0068,CUST-0018,winter
07/01/2025,CABL-THROT-100,8,864,wholesale,chittagong,INV-2025-0069,CUST-0017,winter
16/01/2025,CABL-THROT-100,6,648,retail,dhaka,INV-2025-0070,CUST-0028,winter
24/01/2025,CABL-THROT-100,37,3996,wholesale,dhaka,INV-2025-0071,CUST-0011,winter
06/01/2025,CABL-SPED-100,5,475,wholesale,dhaka,INV-2025-0072,CUST-0040,winter
08/01/2025,CABL-SPED-100,6,570,wholesale,dhaka,INV-2025-0073,CUST-0047,winter
17/01/2025,CABL-SPED-100,9,855,wholesale,rajshahi,INV-2025-0074,CUST-0021,winter
22/01/2025,CABL-SPED-100,11,1045,online,dhaka,INV-2025-0075,CUST-0010,winter
24/01/2025,CABL-SPED-100,4,380,retail,chittagong,INV-2025-0076,CUST-0044,winter
09/01/2025,BEAR-6201,123,9225,wholesale,sylhet,INV-2025-0077,CUST-0003,winter
21/01/2025,BEAR-6201,118,8850,online,dhaka,INV-2025-0078,CUST-0027,winter
09/01/2025,BEAR-6202,127,10414,retail,khulna,INV-2025-0079,CUST-0020,winter
13/01/2025,BEAR-6202,46,3772,online,chittagong,INV-2025-0080,CUST-0045,winter
23/01/2025,BEAR-6202,45,3690,online,chittagong,INV-2025-0081,CUST-0027,winter
05/01/2025,BEAR-6301,43,3870,wholesale,dhaka,INV-2025-0082,CUST-0035,winter
13/01/2025,BEAR-6301,22,1980,retail,chittagong,INV-2025-0083,CUST-0043,winter
19/01/2025,BEAR-6301,51,4590,retail,sylhet,INV-2025-0084,CUST-0019,winter
24/01/2025,BEAR-6301,18,1620,online,rajshahi,INV-2025-0085,CUST-0007,winter
11/01/2025,CLUT-PLATE-100,30,7500,wholesale,chittagong,INV-2025-0086,CUST-0035,winter
18/01/2025,CLUT-PLATE-100,5,1250,retail,dhaka,INV-2025-0087,CUST-0038,winter
05/01/2025,CLUT-PLATE-125,8,2320,online,rangpur,INV-2025-0088,CUST-0027,winter
13/01/2025,CLUT-PLATE-125,2,580,wholesale,barishal,INV-2025-0089,CUST-0048,winter
16/01/2025,CLUT-PLATE-125,8,2320,online,dhaka,INV-2025-0090,CUST-0015,winter
24/01/2025,CLUT-PLATE-125,6,1740,retail,chittagong,INV-2025-0091,CUST-0043,winter
07/01/2025,ENGN-OIL-10W30,42,13440,online,rangpur,INV-2025-0092,CUST-0016,winter
12/01/2025,ENGN-OIL-10W30,1,320,retail,chittagong,INV-2025-0093,CUST-0040,winter
15/01/2025,ENGN-OIL-10W30,55,17600,wholesale,sylhet,INV-2025-0094,CUST-0037,winter
20/01/2025,ENGN-OIL-10W30,2,640,online,chittagong,INV-2025-0095,CUST-0025,winter
24/01/2025,ENGN-OIL-10W30,2,640,retail,mymensingh,INV-2025-0096,CUST-0021,winter
06/01/2025,ENGN-OIL-20W40,11,3850,retail,dhaka,INV-2025-0097,CUST-0028,winter
10/01/2025,ENGN-OIL-20W40,33,11550,wholesale,dhaka,INV-2025-0098,CUST-0010,winter
17/01/2025,ENGN-OIL-20W40,6,2100,wholesale,dhaka,INV-2025-0099,CUST-0006,winter
19/01/2025,ENGN-OIL-20W40,6,2100,retail,chittagong,INV-2025-0100,CUST-0047,winter
25/01/2025,ENGN-OIL-20W40,27,9450,retail,dhaka,INV-2025-0101,CUST-0041,winter
09/01/2025,FORK-SEAL-100,6,720,wholesale,rajshahi,INV-2025-0102,CUST-0018,winter
14/01/2025,FORK-SEAL-100,23,2760,retail,dhaka,INV-2025-0103,CUST-0002,winter
24/01/2025,FORK-SEAL-100,8,960,wholesale,sylhet,INV-2025-0104,CUST-0007,winter
09/01/2025,SHCK-REAR-100,3,2340,wholesale,dhaka,INV-2025-0105,CUST-0014,winter
18/01/2025,SHCK-REAR-100,7,5460,retail,dhaka,INV-2025-0106,CUST-0002,winter
06/01/2025,HEAD-LED-H4,8,4160,wholesale,barishal,INV-2025-0107,CUST-0041,winter
09/01/2025,HEAD-LED-H4,1,520,retail,sylhet,INV-2025-0108,CUST-0022,winter
14/01/2025,HEAD-LED-H4,5,2600,retail,mymensingh,INV-2025-0109,CUST-0040,winter
20/01/2025,HEAD-LED-H4,3,1560,retail,chittagong,INV-2025-0110,CUST-0034,winter
23/01/2025,HEAD-LED-H4,2,1040,online,rajshahi,INV-2025-0111,CUST-0013,winter
09/01/2025,HEAD-HALO-H4,11,2640,retail,dhaka,INV-2025-0112,CUST-0021,winter
20/01/2025,HEAD-HALO-H4,17,4080,retail,dhaka,INV-2025-0113,CUST-0045,winter
07/01/2025,TAIL-UNIV-A,10,1950,online,rangpur,INV-2025-0114,CUST-0017,winter
13/01/2025,TAIL-UNIV-A,7,1365,wholesale,dhaka,INV-2025-0115,CUST-0046,winter
19/01/2025,TAIL-UNIV-A,4,780,retail,dhaka,INV-2025-0116,CUST-0038,winter
26/01/2025,TAIL-UNIV-A,26,5070,wholesale,rajshahi,INV-2025-0117,CUST-0011,winter
03/01/2025,MIRR-ROUND-10,19,1482,retail,chittagong,INV-2025-0118,CUST-0041,winter
12/01/2025,MIRR-ROUND-10,19,1482,retail,khulna,INV-2025-0119,CUST-0003,winter
16/01/2025,MIRR-ROUND-10,26,2028,retail,rangpur,INV-2025-0120,CUST-0027,winter
21/01/2025,MIRR-ROUND-10,12,936,wholesale,dhaka,INV-2025-0121,CUST-0042,winter
24/01/2025,MIRR-ROUND-10,14,1092,wholesale,rangpur,INV-2025-0122,CUST-0026,winter
06/01/2025,HDLB-RAISED-22,8,2320,retail,sylhet,INV-2025-0123,CUST-0050,winter
13/01/2025,HDLB-RAISED-22,4,1160,retail,dhaka,INV-2025-0124,CUST-0045,winter
22/01/2025,HDLB-RAISED-22,2,580,retail,dhaka,INV-2025-0125,CUST-0030,winter
04/01/2025,SEAT-COMM-100,5,1750,wholesale,rangpur,INV-2025-0126,CUST-0043,winter
14/01/2025,SEAT-COMM-100,4,1400,online,dhaka,INV-2025-0127,CUST-0027,winter
18/01/2025,SEAT-COMM-100,2,700,retail,sylhet,INV-2025-0128,CUST-0021,winter
26/01/2025,SEAT-COMM-100,3,1050,retail,dhaka,INV-2025-0129,CUST-0032,winter
05/01/2025,TANK-FUEL-10L,2,3100,wholesale,dhaka,INV-2025-0130,CUST-0037,winter
14/01/2025,TANK-FUEL-10L,1,1550,online,mymensingh,INV-2025-0131,CUST-0019,winter
16/01/2025,TANK-FUEL-10L,1,1550,online,dhaka,INV-2025-0132,CUST-0003,winter
24/01/2025,TANK-FUEL-10L,1,1550,online,barishal,INV-2025-0133,CUST-0003,winter
11/01/2025,EXHS-BAJ-100,4,2880,wholesale,dhaka,INV-2025-0134,CUST-0026,winter
20/01/2025,EXHS-BAJ-100,5,3600,wholesale,dhaka,INV-2025-0135,CUST-0032,winter
05/01/2025,CARB-KEI-VM17,1,1200,retail,dhaka,INV-2025-0136,CUST-0007,winter
12/01/2025,CARB-KEI-VM17,2,2400,online,mymensingh,INV-2025-0137,CUST-0047,winter
13/01/2025,CARB-KEI-VM17,1,1200,retail,chittagong,INV-2025-0138,CUST-0013,winter
18/01/2025,CARB-KEI-VM17,1,1200,wholesale,rajshahi,INV-2025-0139,CUST-0035,winter
24/01/2025,CARB-KEI-VM17,2,2400,online,mymensingh,INV-2025-0140,CUST-0004,winter
07/02/2025,PIST-BAJ-100,6,3480,wholesale,dhaka,INV-2025-0141,CUST-0025,winter
18/02/2025,PIST-BAJ-100,56,32480,retail,dhaka,INV-2025-0142,CUST-0009,winter
11/02/2025,PIST-BAJ-150,5,4100,wholesale,sylhet,INV-2025-0143,CUST-0034,winter
19/02/2025,PIST-BAJ-150,33,27060,wholesale,chittagong,INV-2025-0144,CUST-0043,winter
05/02/2025,PIST-HERO-100,19,9690,retail,khulna,INV-2025-0145,CUST-0042,winter
09/02/2025,PIST-HERO-100,42,21420,retail,rajshahi,INV-2025-0146,CUST-0005,winter
16/02/2025,PIST-HERO-100,13,6630,retail,dhaka,INV-2025-0147,CUST-0014,winter
24/02/2025,PIST-HERO-100,15,7650,retail,dhaka,INV-2025-0148,CUST-0025,winter
11/02/2025,PIST-HONDA-125,14,8960,wholesale,khulna,INV-2025-0149,CUST-0020,winter
20/02/2025,PIST-HONDA-125,33,21120,wholesale,rajshahi,INV-2025-0150,CUST-0033,winter
09/02/2025,GASK-BAJ-100,13,3120,retail,rajshahi,INV-2025-0151,CUST-0018,winter
16/02/2025,GASK-BAJ-100,21,5040,wholesale,chittagong,INV-2025-0152,CUST-0037,winter
20/02/2025,GASK-BAJ-100,58,13920,retail,sylhet,INV-2025-0153,CUST-0007,winter
09/02/2025,GASK-UNIV-125,2,580,online,dhaka,INV-2025-0154,CUST-0006,winter
15/02/2025,GASK-UNIV-125,49,14210,retail,dhaka,INV-2025-0155,CUST-0026,winter
21/02/2025,GASK-UNIV-125,29,8410,wholesale,chittagong,INV-2025-0156,CUST-0004,winter
04/02/2025,CHAIN-428H,1,350,wholesale,dhaka,INV-2025-0157,CUST-0034,winter
12/02/2025,CHAIN-428H,10,3500,wholesale,chittagong,INV-2025-0158,CUST-0042,winter
15/02/2025,CHAIN-428H,12,4200,retail,dhaka,INV-2025-0159,CUST-0008,winter
24/02/2025,CHAIN-428H,6,2100,retail,dhaka,INV-2025-0160,CUST-0018,winter
10/02/2025,CHAIN-420,10,2300,retail,dhaka,INV-2025-0161,CUST-0045,winter
19/02/2025,CHAIN-420,31,7130,retail,dhaka,INV-2025-0162,CUST-0014,winter
05/02/2025,FILT-OIL-100,102,9690,retail,sylhet,INV-2025-0163,CUST-0022,winter
10/02/2025,FILT-OIL-100,41,3895,retail,barishal,INV-2025-0164,CUST-0001,winter
15/02/2025,FILT-OIL-100,1,95,retail,sylhet,INV-2025-0165,CUST-0002,winter
22/02/2025,FILT-OIL-100,26,2470,retail,dhaka,INV-2025-0166,CUST-0005,winter
11/02/2025,FILT-OIL-125,46,5060,retail,chittagong,INV-2025-0167,CUST-0008,winter
16/02/2025,FILT-OIL-125,74,8140,retail,dhaka,INV-2025-0168,CUST-0044,winter
05/02/2025,FILT-AIR-100,106,8692,retail,khulna,INV-2025-0169,CUST-0032,winter
12/02/2025,FILT-AIR-100,34,2788,online,rajshahi,INV-2025-0170,CUST-0017,winter
21/02/2025,FILT-AIR-100,30,2460,retail,sylhet,INV-2025-0171,CUST-0030,winter
03/02/2025,FILT-AIR-125,17,1530,retail,dhaka,INV-2025-0172,CUST-0015,winter
11/02/2025,FILT-AIR-125,19,1710,retail,sylhet,INV-2025-0173,CUST-0032,winter
18/02/2025,FILT-AIR-125,29,2610,wholesale,dhaka,INV-2025-0174,CUST-0045,winter
20/02/2025,FILT-AIR-125,36,3240,retail,mymensingh,INV-2025-0175,CUST-0048,winter
05/02/2025,BRKE-PAD-DISC,8,1400,retail,barishal,INV-2025-0176,CUST-0027,winter
11/02/2025,BRKE-PAD-DISC,12,2100,retail,rangpur,INV-2025-0177,CUST-0013,winter
13/02/2025,BRKE-PAD-DISC,11,1925,wholesale,dhaka,INV-2025-0178,CUST-0022,winter
18/02/2025,BRKE-PAD-DISC,9,1575,retail,khulna,INV-2025-0179,CUST-0030,winter
23/02/2025,BRKE-PAD-DISC,12,2100,wholesale,chittagong,INV-2025-0180,CUST-0023,winter
10/02/2025,BRKE-PAD-DRUM,32,4320,retail,chittagong,INV-2025-0181,CUST-0036,winter
17/02/2025,BRKE-PAD-DRUM,44,5940,retail,sylhet,INV-2025-0182,CUST-0019,winter
06/02/2025,TIRE-100-18,1,1100,wholesale,dhaka,INV-2025-0183,CUST-0004,winter
11/02/2025,TIRE-100-18,1,1100,retail,dhaka,INV-2025-0184,CUST-0019,winter
14/02/2025,TIRE-100-18,5,5500,wholesale,rajshahi,INV-2025-0185,CUST-0050,winter
23/02/2025,TIRE-100-18,10,11000,online,chittagong,INV-2025-0186,CUST-0046,winter
08/02/2025,TIRE-100-17,5,4900,wholesale,khulna,INV-2025-0187,CUST-0028,winter
14/02/2025,TIRE-100-17,12,11760,online,dhaka,INV-2025-0188,CUST-0017,winter
20/02/2025,TIRE-100-17,4,3920,wholesale,barishal,INV-2025-0189,CUST-0012,winter
07/02/2025,TIRE-125-18,5,6750,wholesale,dhaka,INV-2025-0190,CUST-0041,winter
10/02/2025,TIRE-125-18,1,1350,retail,chittagong,INV-2025-0191,CUST-0028,winter
16/02/2025,TIRE-125-18,5,6750,wholesale,dhaka,INV-2025-0192,CUST-0045,winter
22/02/2025,TIRE-125-18,1,1350,online,dhaka,INV-2025-0193,CUST-0046,winter
06/02/2025,BATT-12V7A,8,12000,wholesale,barishal,INV-2025-0194,CUST-0038,winter
09/02/2025,BATT-12V7A,9,13500,retail,chittagong,INV-2025-0195,CUST-0035,winter
15/02/2025,BATT-12V7A,8,12000,online,barishal,INV-2025-0196,CUST-0004,winter
24/02/2025,BATT-12V7A,1,1500,retail,rajshahi,INV-2025-0197,CUST-0026,winter
04/02/2025,BATT-12V9A,6,10500,retail,chittagong,INV-2025-0198,CUST-0004,winter
11/02/2025,BATT-12V9A,7,12250,wholesale,dhaka,INV-2025-0199,CUST-0033,winter
12/02/2025,BATT-12V9A,4,7000,retail,rajshahi,INV-2025-0200,CUST-0014,winter
18/02/2025,BATT-12V9A,1,1750,wholesale,chittagong,INV-2025-0201,CUST-0032,winter
25/02/2025,BATT-12V9A,1,1750,online,dhaka,INV-2025-0202,CUST-0041,winter
07/02/2025,SPRK-NGK-C4HSA,50,6500,wholesale,dhaka,INV-2025-0203,CUST-0008,winter
10/02/2025,SPRK-NGK-C4HSA,57,7410,retail,chittagong,INV-2025-0204,CUST-0007,winter
14/02/2025,SPRK-NGK-C4HSA,75,9750,wholesale,chittagong,INV-2025-0205,CUST-0029,winter
20/02/2025,SPRK-NGK-C4HSA,64,8320,online,dhaka,INV-2025-0206,CUST-0020,winter
09/02/2025,SPRK-NGK-BPR6ES,53,7685,retail,dhaka,INV-2025-0207,CUST-0002,winter
15/02/2025,SPRK-NGK-BPR6ES,55,7975,wholesale,dhaka,INV-2025-0208,CUST-0043,winter
23/02/2025,SPRK-NGK-BPR6ES,36,5220,wholesale,dhaka,INV-2025-0209,CUST-0045,winter
04/02/2025,CABL-CLUTCH-100,14,1750,retail,chittagong,INV-2025-0210,CUST-0002,winter
10/02/2025,CABL-CLUTCH-100,8,1000,retail,dhaka,INV-2025-0211,CUST-0025,winter
15/02/2025,CABL-CLUTCH-100,3,375,retail,dhaka,INV-2025-0212,CUST-0042,winter
16/02/2025,CABL-CLUTCH-100,17,2125,wholesale,sylhet,INV-2025-0213,CUST-0029,winter
24/02/2025,CABL-CLUTCH-100,11,1375,online,dhaka,INV-2025-0214,CUST-0009,winter
06/02/2025,CABL-THROT-100,5,540,retail,sylhet,INV-2025-0215,CUST-0047,winter
10/02/2025,CABL-THROT-100,19,2052,retail,chittagong,INV-2025-0216,CUST-0009,winter
16/02/2025,CABL-THROT-100,8,864,wholesale,dhaka,INV-2025-0217,CUST-0020,winter
16/02/2025,CABL-THROT-100,17,1836,retail,barishal,INV-2025-0218,CUST-0042,winter
22/02/2025,CABL-THROT-100,10,1080,online,chittagong,INV-2025-0219,CUST-0039,winter
07/02/2025,CABL-SPED-100,3,285,wholesale,dhaka,INV-2025-0220,CUST-0015,winter
12/02/2025,CABL-SPED-100,8,760,retail,dhaka,INV-2025-0221,CUST-0044,winter
14/02/2025,CABL-SPED-100,24,2280,wholesale,chittagong,INV-2025-0222,CUST-0050,winter
20/02/2025,CABL-SPED-100,9,855,wholesale,khulna,INV-2025-0223,CUST-0016,winter
05/02/2025,BEAR-6201,83,6225,wholesale,dhaka,INV-2025-0224,CUST-0005,winter
16/02/2025,BEAR-6201,43,3225,retail,chittagong,INV-2025-0225,CUST-0041,winter
21/02/2025,BEAR-6201,110,8250,online,khulna,INV-2025-0226,CUST-0021,winter
04/02/2025,BEAR-6202,31,2542,wholesale,khulna,INV-2025-0227,CUST-0013,winter
08/02/2025,BEAR-6202,81,6642,retail,dhaka,INV-2025-0228,CUST-0043,winter
13/02/2025,BEAR-6202,47,3854,retail,dhaka,INV-2025-0229,CUST-0009,winter
17/02/2025,BEAR-6202,17,1394,retail,barishal,INV-2025-0230,CUST-0027,winter
24/02/2025,BEAR-6202,21,1722,online,chittagong,INV-2025-0231,CUST-0022,winter
03/02/2025,BEAR-6301,12,1080,wholesale,khulna,INV-2025-0232,CUST-0009,winter
07/02/2025,BEAR-6301,13,1170,retail,rajshahi,INV-2025-0233,CUST-0008,winter
15/02/2025,BEAR-6301,53,4770,retail,chittagong,INV-2025-0234,CUST-0035,winter
19/02/2025,BEAR-6301,32,2880,retail,dhaka,INV-2025-0235,CUST-0019,winter
24/02/2025,BEAR-6301,24,2160,retail,barishal,INV-2025-0236,CUST-0046,winter
09/02/2025,CLUT-PLATE-100,19,4750,wholesale,dhaka,INV-2025-0237,CUST-0035,winter
16/02/2025,CLUT-PLATE-100,1,250,retail,sylhet,INV-2025-0238,CUST-0031,winter
23/02/2025,CLUT-PLATE-100,11,2750,online,rangpur,INV-2025-0239,CUST-0042,winter
04/02/2025,CLUT-PLATE-125,5,1450,retail,dhaka,INV-2025-0240,CUST-0037,winter
13/02/2025,CLUT-PLATE-125,3,870,wholesale,barishal,INV-2025-0241,CUST-0049,winter
16/02/2025,CLUT-PLATE-125,11,3190,retail,khulna,INV-2025-0242,CUST-0005,winter
20/02/2025,CLUT-PLATE-125,1,290,wholesale,rangpur,INV-2025-0243,CUST-0040,winter
04/02/2025,ENGN-OIL-10W30,70,22400,retail,dhaka,INV-2025-0244,CUST-0050,winter
10/02/2025,ENGN-OIL-10W30,20,6400,retail,rajshahi,INV-2025-0245,CUST-0039,winter
15/02/2025,ENGN-OIL-10W30,3,960,wholesale,khulna,INV-2025-0246,CUST-0048,winter
18/02/2025,ENGN-OIL-10W30,3,960,retail,dhaka,INV-2025-0247,CUST-0025,winter
22/02/2025,ENGN-OIL-10W30,38,12160,wholesale,rajshahi,INV-2025-0248,CUST-0028,winter
07/02/2025,ENGN-OIL-20W40,13,4550,online,dhaka,INV-2025-0249,CUST-0016,winter
14/02/2025,ENGN-OIL-20W40,13,4550,wholesale,dhaka,INV-2025-0250,CUST-0015,winter
20/02/2025,ENGN-OIL-20W40,68,23800,wholesale,chittagong,INV-2025-0251,CUST-0035,winter
07/02/2025,FORK-SEAL-100,30,3600,retail,dhaka,INV-2025-0252,CUST-0019,winter
16/02/2025,FORK-SEAL-100,8,960,retail,dhaka,INV-2025-0253,CUST-0042,winter
05/02/2025,SHCK-REAR-100,1,780,wholesale,rajshahi,INV-2025-0254,CUST-0015,winter
13/02/2025,SHCK-REAR-100,3,2340,retail,chittagong,INV-2025-0255,CUST-0024,winter
15/02/2025,SHCK-REAR-100,5,3900,retail,rajshahi,INV-2025-0256,CUST-0042,winter
23/02/2025,SHCK-REAR-100,5,3900,online,dhaka,INV-2025-0257,CUST-0021,winter
11/02/2025,HEAD-LED-H4,1,520,retail,dhaka,INV-2025-0258,CUST-0009,winter
19/02/2025,HEAD-LED-H4,21,10920,wholesale,khulna,INV-2025-0259,CUST-0020,winter
06/02/2025,HEAD-HALO-H4,3,720,retail,rangpur,INV-2025-0260,CUST-0003,winter
15/02/2025,HEAD-HALO-H4,14,3360,wholesale,dhaka,INV-2025-0261,CUST-0020,winter
22/02/2025,HEAD-HALO-H4,15,3600,retail,khulna,INV-2025-0262,CUST-0018,winter
05/02/2025,TAIL-UNIV-A,12,2340,retail,chittagong,INV-2025-0263,CUST-0002,winter
11/02/2025,TAIL-UNIV-A,22,4290,wholesale,barishal,INV-2025-0264,CUST-0022,winter
12/02/2025,TAIL-UNIV-A,9,1755,online,barishal,INV-2025-0265,CUST-0049,winter
18/02/2025,TAIL-UNIV-A,1,195,wholesale,chittagong,INV-2025-0266,CUST-0022,winter
21/02/2025,TAIL-UNIV-A,5,975,wholesale,rajshahi,INV-2025-0267,CUST-0028,winter
09/02/2025,MIRR-ROUND-10,58,4524,wholesale,chittagong,INV-2025-0268,CUST-0037,winter
20/02/2025,MIRR-ROUND-10,39,3042,retail,rajshahi,INV-2025-0269,CUST-0025,winter
05/02/2025,HDLB-RAISED-22,3,870,wholesale,dhaka,INV-2025-0270,CUST-0003,winter
13/02/2025,HDLB-RAISED-22,1,290,retail,sylhet,INV-2025-0271,CUST-0043,winter
23/02/2025,HDLB-RAISED-22,15,4350,wholesale,dhaka,INV-2025-0272,CUST-0050,winter
09/02/2025,SEAT-COMM-100,5,1750,retail,chittagong,INV-2025-0273,CUST-0001,winter
17/02/2025,SEAT-COMM-100,10,3500,online,chittagong,INV-2025-0274,CUST-0031,winter
09/02/2025,TANK-FUEL-10L,2,3100,retail,rangpur,INV-2025-0275,CUST-0017,winter
16/02/2025,TANK-FUEL-10L,3,4650,retail,rajshahi,INV-2025-0276,CUST-0032,winter
21/02/2025,TANK-FUEL-10L,1,1550,wholesale,dhaka,INV-2025-0277,CUST-0010,winter
08/02/2025,EXHS-BAJ-100,3,2160,wholesale,khulna,INV-2025-0278,CUST-0003,winter
20/02/2025,EXHS-BAJ-100,9,6480,retail,chittagong,INV-2025-0279,CUST-0046,winter
03/02/2025,CARB-KEI-VM17,1,1200,wholesale,dhaka,INV-2025-0280,CUST-0008,winter
13/02/2025,CARB-KEI-VM17,3,3600,retail,chittagong,INV-2025-0281,CUST-0021,winter
15/02/2025,CARB-KEI-VM17,3,3600,wholesale,chittagong,INV-2025-0282,CUST-0044,winter
22/02/2025,CARB-KEI-VM17,2,2400,wholesale,chittagong,INV-2025-0283,CUST-0019,winter
07/03/2025,PIST-BAJ-100,10,5800,retail,dhaka,INV-2025-0284,CUST-0010,summer
12/03/2025,PIST-BAJ-100,6,3480,retail,barishal,INV-2025-0285,CUST-0039,summer
20/03/2025,PIST-BAJ-100,15,8700,retail,dhaka,INV-2025-0286,CUST-0046,summer
22/03/2025,PIST-BAJ-100,15,8700,wholesale,rajshahi,INV-2025-0287,CUST-0038,summer
06/03/2025,PIST-BAJ-150,7,5740,online,rangpur,INV-2025-0288,CUST-0015,summer
16/03/2025,PIST-BAJ-150,11,9020,online,chittagong,INV-2025-0289,CUST-0041,summer
21/03/2025,PIST-BAJ-150,13,10660,retail,chittagong,INV-2025-0290,CUST-0047,summer
12/03/2025,PIST-HERO-100,29,14790,retail,dhaka,INV-2025-0291,CUST-0037,summer
21/03/2025,PIST-HERO-100,32,16320,retail,dhaka,INV-2025-0292,CUST-0016,summer
07/03/2025,PIST-HONDA-125,5,3200,wholesale,dhaka,INV-2025-0293,CUST-0024,summer
13/03/2025,PIST-HONDA-125,6,3840,wholesale,sylhet,INV-2025-0294,CUST-0029,summer
18/03/2025,PIST-HONDA-125,19,12160,retail,rajshahi,INV-2025-0295,CUST-0009,summer
22/03/2025,PIST-HONDA-125,14,8960,retail,barishal,INV-2025-0296,CUST-0027,summer
05/03/2025,GASK-BAJ-100,29,6960,retail,chittagong,INV-2025-0297,CUST-0032,summer
16/03/2025,GASK-BAJ-100,39,9360,wholesale,sylhet,INV-2025-0298,CUST-0012,summer
24/03/2025,GASK-BAJ-100,17,4080,retail,khulna,INV-2025-0299,CUST-0008,summer
03/03/2025,GASK-UNIV-125,21,6090,retail,barishal,INV-2025-0300,CUST-0026,summer
09/03/2025,GASK-UNIV-125,3,870,retail,sylhet,INV-2025-0301,CUST-0019,summer
17/03/2025,GASK-UNIV-125,1,290,online,dhaka,INV-2025-0302,CUST-0022,summer
22/03/2025,GASK-UNIV-125,12,3480,wholesale,chittagong,INV-2025-0303,CUST-0047,summer
26/03/2025,GASK-UNIV-125,19,5510,wholesale,dhaka,INV-2025-0304,CUST-0023,summer
04/03/2025,CHAIN-428H,5,1750,wholesale,barishal,INV-2025-0305,CUST-0024,summer
12/03/2025,CHAIN-428H,6,2100,retail,sylhet,INV-2025-0306,CUST-0021,summer
17/03/2025,CHAIN-428H,3,1050,wholesale,chittagong,INV-2025-0307,CUST-0038,summer
18/03/2025,CHAIN-428H,6,2100,wholesale,dhaka,INV-2025-0308,CUST-0015,summer
24/03/2025,CHAIN-428H,6,2100,retail,dhaka,INV-2025-0309,CUST-0037,summer
06/03/2025,CHAIN-420,4,920,retail,dhaka,INV-2025-0310,CUST-0011,summer
12/03/2025,CHAIN-420,5,1150,retail,dhaka,INV-2025-0311,CUST-0029,summer
15/03/2025,CHAIN-420,11,2530,retail,dhaka,INV-2025-0312,CUST-0017,summer
22/03/2025,CHAIN-420,14,3220,wholesale,mymensingh,INV-2025-0313,CUST-0015,summer
27/03/2025,CHAIN-420,1,230,retail,sylhet,INV-2025-0314,CUST-0014,summer
09/03/2025,FILT-OIL-100,2,190,wholesale,dhaka,INV-2025-0315,CUST-0002,summer
17/03/2025,FILT-OIL-100,67,6365,retail,dhaka,INV-2025-0316,CUST-0037,summer
22/03/2025,FILT-OIL-100,72,6840,retail,chittagong,INV-2025-0317,CUST-0009,summer
07/03/2025,FILT-OIL-125,39,4290,online,khulna,INV-2025-0318,CUST-0047,summer
13/03/2025,FILT-OIL-125,31,3410,online,sylhet,INV-2025-0319,CUST-0006,summer
18/03/2025,FILT-OIL-125,39,4290,retail,rajshahi,INV-2025-0320,CUST-0005,summer
22/03/2025,FILT-OIL-125,5,550,wholesale,dhaka,INV-2025-0321,CUST-0018,summer
08/03/2025,FILT-AIR-100,79,6478,wholesale,dhaka,INV-2025-0322,CUST-0034,summer
21/03/2025,FILT-AIR-100,35,2870,wholesale,dhaka,INV-2025-0323,CUST-0043,summer
09/03/2025,FILT-AIR-125,61,5490,online,chittagong,INV-2025-0324,CUST-0015,summer
19/03/2025,FILT-AIR-125,41,3690,retail,sylhet,INV-2025-0325,CUST-0010,summer
09/03/2025,BRKE-PAD-DISC,27,4725,retail,chittagong,INV-2025-0326,CUST-0040,summer
14/03/2025,BRKE-PAD-DISC,11,1925,retail,dhaka,INV-2025-0327,CUST-0027,summer
21/03/2025,BRKE-PAD-DISC,8,1400,wholesale,sylhet,INV-2025-0328,CUST-0041,summer
06/03/2025,BRKE-PAD-DRUM,19,2565,wholesale,chittagong,INV-2025-0329,CUST-0019,summer
13/03/2025,BRKE-PAD-DRUM,27,3645,retail,dhaka,INV-2025-0330,CUST-0049,summer
19/03/2025,BRKE-PAD-DRUM,7,945,retail,rajshahi,INV-2025-0331,CUST-0029,summer
25/03/2025,BRKE-PAD-DRUM,12,1620,wholesale,dhaka,INV-2025-0332,CUST-0008,summer
07/03/2025,TIRE-100-18,6,6600,retail,sylhet,INV-2025-0333,CUST-0018,summer
13/03/2025,TIRE-100-18,3,3300,online,chittagong,INV-2025-0334,CUST-0027,summer
20/03/2025,TIRE-100-18,3,3300,wholesale,dhaka,INV-2025-0335,CUST-0017,summer
25/03/2025,TIRE-100-18,1,1100,retail,sylhet,INV-2025-0336,CUST-0029,summer
06/03/2025,TIRE-100-17,6,5880,retail,chittagong,INV-2025-0337,CUST-0014,summer
13/03/2025,TIRE-100-17,2,1960,retail,rajshahi,INV-2025-0338,CUST-0040,summer
19/03/2025,TIRE-100-17,6,5880,retail,sylhet,INV-2025-0339,CUST-0035,summer
23/03/2025,TIRE-100-17,3,2940,wholesale,dhaka,INV-2025-0340,CUST-0025,summer
06/03/2025,TIRE-125-18,3,4050,retail,khulna,INV-2025-0341,CUST-0046,summer
14/03/2025,TIRE-125-18,1,1350,wholesale,dhaka,INV-2025-0342,CUST-0024,summer
17/03/2025,TIRE-125-18,2,2700,retail,dhaka,INV-2025-0343,CUST-0047,summer
23/03/2025,TIRE-125-18,2,2700,retail,dhaka,INV-2025-0344,CUST-0002,summer
08/03/2025,BATT-12V7A,9,13500,retail,dhaka,INV-2025-0345,CUST-0041,summer
19/03/2025,BATT-12V7A,13,19500,retail,rajshahi,INV-2025-0346,CUST-0018,summer
03/03/2025,BATT-12V9A,5,8750,wholesale,rajshahi,INV-2025-0347,CUST-0010,summer
12/03/2025,BATT-12V9A,1,1750,wholesale,dhaka,INV-2025-0348,CUST-0026,summer
16/03/2025,BATT-12V9A,6,10500,wholesale,dhaka,INV-2025-0349,CUST-0020,summer
18/03/2025,BATT-12V9A,2,3500,retail,rajshahi,INV-2025-0350,CUST-0048,summer
23/03/2025,BATT-12V9A,1,1750,retail,dhaka,INV-2025-0351,CUST-0013,summer
05/03/2025,SPRK-NGK-C4HSA,33,4290,retail,dhaka,INV-2025-0352,CUST-0026,summer
12/03/2025,SPRK-NGK-C4HSA,38,4940,wholesale,rangpur,INV-2025-0353,CUST-0046,summer
17/03/2025,SPRK-NGK-C4HSA,20,2600,retail,dhaka,INV-2025-0354,CUST-0002,summer
19/03/2025,SPRK-NGK-C4HSA,36,4680,retail,dhaka,INV-2025-0355,CUST-0024,summer
26/03/2025,SPRK-NGK-C4HSA,25,3250,retail,chittagong,INV-2025-0356,CUST-0020,summer
11/03/2025,SPRK-NGK-BPR6ES,40,5800,retail,dhaka,INV-2025-0357,CUST-0040,summer
22/03/2025,SPRK-NGK-BPR6ES,70,10150,wholesale,khulna,INV-2025-0358,CUST-0037,summer
10/03/2025,CABL-CLUTCH-100,33,4125,retail,khulna,INV-2025-0359,CUST-0045,summer
20/03/2025,CABL-CLUTCH-100,11,1375,retail,chittagong,INV-2025-0360,CUST-0001,summer
06/03/2025,CABL-THROT-100,15,1620,wholesale,rajshahi,INV-2025-0361,CUST-0048,summer
15/03/2025,CABL-THROT-100,17,1836,retail,mymensingh,INV-2025-0362,CUST-0007,summer
24/03/2025,CABL-THROT-100,11,1188,retail,chittagong,INV-2025-0363,CUST-0009,summer
05/03/2025,CABL-SPED-100,22,2090,wholesale,chittagong,INV-2025-0364,CUST-0034,summer
13/03/2025,CABL-SPED-100,5,475,wholesale,chittagong,INV-2025-0365,CUST-0036,summer
24/03/2025,CABL-SPED-100,8,760,retail,chittagong,INV-2025-0366,CUST-0008,summer
06/03/2025,BEAR-6201,67,5025,wholesale,dhaka,INV-2025-0367,CUST-0040,summer
14/03/2025,BEAR-6201,82,6150,retail,rangpur,INV-2025-0368,CUST-0039,summer
17/03/2025,BEAR-6201,25,1875,retail,dhaka,INV-2025-0369,CUST-0022,summer
23/03/2025,BEAR-6201,30,2250,wholesale,barishal,INV-2025-0370,CUST-0009,summer
04/03/2025,BEAR-6202,1,82,retail,dhaka,INV-2025-0371,CUST-0030,summer
09/03/2025,BEAR-6202,40,3280,retail,chittagong,INV-2025-0372,CUST-0041,summer
13/03/2025,BEAR-6202,15,1230,retail,chittagong,INV-2025-0373,CUST-0041,summer
22/03/2025,BEAR-6202,6,492,retail,dhaka,INV-2025-0374,CUST-0019,summer
26/03/2025,BEAR-6202,94,7708,online,khulna,INV-2025-0375,CUST-0038,summer
04/03/2025,BEAR-6301,42,3780,retail,rajshahi,INV-2025-0376,CUST-0017,summer
14/03/2025,BEAR-6301,28,2520,retail,chittagong,INV-2025-0377,CUST-0034,summer
17/03/2025,BEAR-6301,17,1530,wholesale,chittagong,INV-2025-0378,CUST-0022,summer
22/03/2025,BEAR-6301,36,3240,online,chittagong,INV-2025-0379,CUST-0039,summer
07/03/2025,CLUT-PLATE-100,3,750,retail,khulna,INV-2025-0380,CUST-0004,summer
09/03/2025,CLUT-PLATE-100,1,250,wholesale,dhaka,INV-2025-0381,CUST-0028,summer
14/03/2025,CLUT-PLATE-100,3,750,retail,sylhet,INV-2025-0382,CUST-0033,summer
19/03/2025,CLUT-PLATE-100,3,750,retail,rajshahi,INV-2025-0383,CUST-0026,summer
26/03/2025,CLUT-PLATE-100,14,3500,retail,dhaka,INV-2025-0384,CUST-0031,summer
06/03/2025,CLUT-PLATE-125,3,870,wholesale,chittagong,INV-2025-0385,CUST-0017,summer
11/03/2025,CLUT-PLATE-125,5,1450,wholesale,sylhet,INV-2025-0386,CUST-0028,summer
19/03/2025,CLUT-PLATE-125,5,1450,retail,sylhet,INV-2025-0387,CUST-0024,summer
26/03/2025,CLUT-PLATE-125,5,1450,wholesale,khulna,INV-2025-0388,CUST-0023,summer
06/03/2025,ENGN-OIL-10W30,25,8000,wholesale,dhaka,INV-2025-0389,CUST-0001,summer
16/03/2025,ENGN-OIL-10W30,36,11520,retail,dhaka,INV-2025-0390,CUST-0013,summer
23/03/2025,ENGN-OIL-10W30,38,12160,retail,dhaka,INV-2025-0391,CUST-0007,summer
07/03/2025,ENGN-OIL-20W40,27,9450,retail,dhaka,INV-2025-0392,CUST-0037,summer
13/03/2025,ENGN-OIL-20W40,1,350,online,khulna,INV-2025-0393,CUST-0031,summer
16/03/2025,ENGN-OIL-20W40,15,5250,wholesale,mymensingh,INV-2025-0394,CUST-0032,summer
24/03/2025,ENGN-OIL-20W40,35,12250,wholesale,dhaka,INV-2025-0395,CUST-0042,summer
09/03/2025,FORK-SEAL-100,18,2160,retail,khulna,INV-2025-0396,CUST-0027,summer
19/03/2025,FORK-SEAL-100,13,1560,retail,khulna,INV-2025-0397,CUST-0029,summer
10/03/2025,SHCK-REAR-100,3,2340,wholesale,sylhet,INV-2025-0398,CUST-0022,summer
19/03/2025,SHCK-REAR-100,7,5460,wholesale,khulna,INV-2025-0399,CUST-0021,summer
09/03/2025,HEAD-LED-H4,7,3640,wholesale,chittagong,INV-2025-0400,CUST-0004,summer
13/03/2025,HEAD-LED-H4,4,2080,wholesale,dhaka,INV-2025-0401,CUST-0033,summer
24/03/2025,HEAD-LED-H4,7,3640,retail,dhaka,INV-2025-0402,CUST-0012,summer
04/03/2025,HEAD-HALO-H4,6,1440,retail,dhaka,INV-2025-0403,CUST-0037,summer
12/03/2025,HEAD-HALO-H4,7,1680,retail,khulna,INV-2025-0404,CUST-0030,summer
18/03/2025,HEAD-HALO-H4,4,960,online,dhaka,INV-2025-0405,CUST-0012,summer
26/03/2025,HEAD-HALO-H4,6,1440,retail,rajshahi,INV-2025-0406,CUST-0038,summer
09/03/2025,TAIL-UNIV-A,18,3510,online,chittagong,INV-2025-0407,CUST-0016,summer
20/03/2025,TAIL-UNIV-A,18,3510,wholesale,dhaka,INV-2025-0408,CUST-0013,summer
06/03/2025,MIRR-ROUND-10,24,1872,wholesale,chittagong,INV-2025-0409,CUST-0018,summer
17/03/2025,MIRR-ROUND-10,28,2184,retail,barishal,INV-2025-0410,CUST-0019,summer
23/03/2025,MIRR-ROUND-10,22,1716,retail,dhaka,INV-2025-0411,CUST-0006,summer
04/03/2025,HDLB-RAISED-22,2,580,retail,chittagong,INV-2025-0412,CUST-0045,summer
14/03/2025,HDLB-RAISED-22,5,1450,wholesale,chittagong,INV-2025-0413,CUST-0044,summer
19/03/2025,HDLB-RAISED-22,3,870,retail,rajshahi,INV-2025-0414,CUST-0045,summer
23/03/2025,HDLB-RAISED-22,4,1160,wholesale,rangpur,INV-2025-0415,CUST-0048,summer
09/03/2025,SEAT-COMM-100,9,3150,online,dhaka,INV-2025-0416,CUST-0034,summer
21/03/2025,SEAT-COMM-100,4,1400,retail,sylhet,INV-2025-0417,CUST-0009,summer
04/03/2025,TANK-FUEL-10L,1,1550,retail,chittagong,INV-2025-0418,CUST-0042,summer
12/03/2025,TANK-FUEL-10L,1,1550,retail,barishal,INV-2025-0419,CUST-0023,summer
16/03/2025,TANK-FUEL-10L,2,3100,retail,dhaka,INV-2025-0420,CUST-0012,summer
23/03/2025,TANK-FUEL-10L,1,1550,retail,rajshahi,INV-2025-0421,CUST-0040,summer
06/03/2025,EXHS-BAJ-100,2,1440,online,rajshahi,INV-2025-0422,CUST-0033,summer
11/03/2025,EXHS-BAJ-100,1,720,retail,dhaka,INV-2025-0423,CUST-0018,summer
15/03/2025,EXHS-BAJ-100,1,720,retail,rangpur,INV-2025-0424,CUST-0002,summer
18/03/2025,EXHS-BAJ-100,2,1440,retail,dhaka,INV-2025-0425,CUST-0020,summer
24/03/2025,EXHS-BAJ-100,2,1440,online,barishal,INV-2025-0426,CUST-0034,summer
05/03/2025,CARB-KEI-VM17,1,1200,retail,khulna,INV-2025-0427,CUST-0011,summer
15/03/2025,CARB-KEI-VM17,1,1200,wholesale,chittagong,INV-2025-0428,CUST-0013,summer
22/03/2025,CARB-KEI-VM17,3,3600,retail,barishal,INV-2025-0429,CUST-0006,summer
09/04/2025,PIST-BAJ-100,19,11020,retail,chittagong,INV-2025-0430,CUST-0031,summer
15/04/2025,PIST-BAJ-100,32,18560,retail,chittagong,INV-2025-0431,CUST-0014,summer
20/04/2025,PIST-BAJ-100,7,4060,wholesale,barishal,INV-2025-0432,CUST-0030,summer
09/04/2025,PIST-BAJ-150,21,17220,online,rajshahi,INV-2025-0433,CUST-0044,summer
21/04/2025,PIST-BAJ-150,17,13940,retail,rajshahi,INV-2025-0434,CUST-0026,summer
08/04/2025,PIST-HERO-100,21,10710,wholesale,dhaka,INV-2025-0435,CUST-0001,summer
11/04/2025,PIST-HERO-100,32,16320,wholesale,sylhet,INV-2025-0436,CUST-0005,summer
17/04/2025,PIST-HERO-100,25,12750,retail,sylhet,INV-2025-0437,CUST-0013,summer
24/04/2025,PIST-HERO-100,9,4590,retail,dhaka,INV-2025-0438,CUST-0006,summer
08/04/2025,PIST-HONDA-125,19,12160,retail,rangpur,INV-2025-0439,CUST-0011,summer
13/04/2025,PIST-HONDA-125,12,7680,wholesale,dhaka,INV-2025-0440,CUST-0007,summer
22/04/2025,PIST-HONDA-125,17,10880,retail,chittagong,INV-2025-0441,CUST-0044,summer
06/04/2025,GASK-BAJ-100,41,9840,retail,rajshahi,INV-2025-0442,CUST-0017,summer
08/04/2025,GASK-BAJ-100,1,240,retail,rajshahi,INV-2025-0443,CUST-0029,summer
16/04/2025,GASK-BAJ-100,16,3840,wholesale,chittagong,INV-2025-0444,CUST-0046,summer
21/04/2025,GASK-BAJ-100,29,6960,wholesale,dhaka,INV-2025-0445,CUST-0024,summer
26/04/2025,GASK-BAJ-100,20,4800,retail,dhaka,INV-2025-0446,CUST-0028,summer
05/04/2025,GASK-UNIV-125,24,6960,retail,chittagong,INV-2025-0447,CUST-0003,summer
09/04/2025,GASK-UNIV-125,2,580,retail,dhaka,INV-2025-0448,CUST-0024,summer
17/04/2025,GASK-UNIV-125,1,290,wholesale,dhaka,INV-2025-0449,CUST-0024,summer
22/04/2025,GASK-UNIV-125,26,7540,retail,dhaka,INV-2025-0450,CUST-0019,summer
26/04/2025,GASK-UNIV-125,19,5510,retail,rajshahi,INV-2025-0451,CUST-0018,summer
04/04/2025,CHAIN-428H,9,3150,retail,rajshahi,INV-2025-0452,CUST-0006,summer
12/04/2025,CHAIN-428H,10,3500,retail,chittagong,INV-2025-0453,CUST-0010,summer
16/04/2025,CHAIN-428H,6,2100,retail,sylhet,INV-2025-0454,CUST-0018,summer
26/04/2025,CHAIN-428H,1,350,retail,dhaka,INV-2025-0455,CUST-0040,summer
06/04/2025,CHAIN-420,1,230,retail,chittagong,INV-2025-0456,CUST-0048,summer
12/04/2025,CHAIN-420,8,1840,wholesale,dhaka,INV-2025-0457,CUST-0006,summer
13/04/2025,CHAIN-420,1,230,retail,khulna,INV-2025-0458,CUST-0008,summer
20/04/2025,CHAIN-420,14,3220,wholesale,rajshahi,INV-2025-0459,CUST-0020,summer
25/04/2025,CHAIN-420,17,3910,wholesale,sylhet,INV-2025-0460,CUST-0016,summer
11/04/2025,FILT-OIL-100,80,7600,wholesale,rajshahi,INV-2025-0461,CUST-0018,summer
20/04/2025,FILT-OIL-100,102,9690,retail,chittagong,INV-2025-0462,CUST-0026,summer
05/04/2025,FILT-OIL-125,36,3960,online,chittagong,INV-2025-0463,CUST-0021,summer
12/04/2025,FILT-OIL-125,53,5830,retail,dhaka,INV-2025-0464,CUST-0046,summer
18/04/2025,FILT-OIL-125,2,220,retail,dhaka,INV-2025-0465,CUST-0019,summer
25/04/2025,FILT-OIL-125,54,5940,wholesale,rajshahi,INV-2025-0466,CUST-0030,summer
06/04/2025,FILT-AIR-100,42,3444,wholesale,chittagong,INV-2025-0467,CUST-0014,summer
12/04/2025,FILT-AIR-100,36,2952,retail,chittagong,INV-2025-0468,CUST-0025,summer
19/04/2025,FILT-AIR-100,43,3526,retail,dhaka,INV-2025-0469,CUST-0037,summer
23/04/2025,FILT-AIR-100,26,2132,wholesale,rangpur,INV-2025-0470,CUST-0036,summer
10/04/2025,FILT-AIR-125,23,2070,retail,dhaka,INV-2025-0471,CUST-0044,summer
20/04/2025,FILT-AIR-125,108,9720,retail,chittagong,INV-2025-0472,CUST-0038,summer
06/04/2025,BRKE-PAD-DISC,12,2100,wholesale,dhaka,INV-2025-0473,CUST-0025,summer
14/04/2025,BRKE-PAD-DISC,8,1400,wholesale,sylhet,INV-2025-0474,CUST-0007,summer
19/04/2025,BRKE-PAD-DISC,16,2800,retail,dhaka,INV-2025-0475,CUST-0008,summer
23/04/2025,BRKE-PAD-DISC,15,2625,retail,chittagong,INV-2025-0476,CUST-0011,summer
03/04/2025,BRKE-PAD-DRUM,20,2700,online,dhaka,INV-2025-0477,CUST-0032,summer
10/04/2025,BRKE-PAD-DRUM,13,1755,retail,rajshahi,INV-2025-0478,CUST-0029,summer
17/04/2025,BRKE-PAD-DRUM,9,1215,online,dhaka,INV-2025-0479,CUST-0026,summer
22/04/2025,BRKE-PAD-DRUM,33,4455,wholesale,dhaka,INV-2025-0480,CUST-0022,summer
27/04/2025,BRKE-PAD-DRUM,10,1350,wholesale,rajshahi,INV-2025-0481,CUST-0044,summer
04/04/2025,TIRE-100-18,7,7700,wholesale,chittagong,INV-2025-0482,CUST-0002,summer
12/04/2025,TIRE-100-18,4,4400,retail,dhaka,INV-2025-0483,CUST-0037,summer
17/04/2025,TIRE-100-18,5,5500,wholesale,sylhet,INV-2025-0484,CUST-0024,summer
22/04/2025,TIRE-100-18,2,2200,wholesale,dhaka,INV-2025-0485,CUST-0042,summer
23/04/2025,TIRE-100-18,1,1100,wholesale,dhaka,INV-2025-0486,CUST-0013,summer
08/04/2025,TIRE-100-17,8,7840,retail,dhaka,INV-2025-0487,CUST-0002,summer
14/04/2025,TIRE-100-17,12,11760,retail,dhaka,INV-2025-0488,CUST-0016,summer
22/04/2025,TIRE-100-17,4,3920,retail,sylhet,INV-2025-0489,CUST-0016,summer
04/04/2025,TIRE-125-18,2,2700,wholesale,rajshahi,INV-2025-0490,CUST-0027,summer
09/04/2025,TIRE-125-18,1,1350,online,khulna,INV-2025-0491,CUST-0025,summer
16/04/2025,TIRE-125-18,3,4050,retail,dhaka,INV-2025-0492,CUST-0017,summer
18/04/2025,TIRE-125-18,2,2700,wholesale,barishal,INV-2025-0493,CUST-0046,summer
23/04/2025,TIRE-125-18,4,5400,wholesale,rajshahi,INV-2025-0494,CUST-0035,summer
03/04/2025,BATT-12V7A,5,7500,retail,chittagong,INV-2025-0495,CUST-0010,summer
10/04/2025,BATT-12V7A,7,10500,wholesale,khulna,INV-2025-0496,CUST-0038,summer
16/04/2025,BATT-12V7A,3,4500,retail,rajshahi,INV-2025-0497,CUST-0011,summer
22/04/2025,BATT-12V7A,4,6000,wholesale,dhaka,INV-2025-0498,CUST-0010,summer
26/04/2025,BATT-12V7A,8,12000,wholesale,barishal,INV-2025-0499,CUST-0014,summer
06/04/2025,BATT-12V9A,5,8750,retail,dhaka,INV-2025-0500,CUST-0017,summer
12/04/2025,BATT-12V9A,1,1750,wholesale,chittagong,INV-2025-0501,CUST-0049,summer
18/04/2025,BATT-12V9A,7,12250,wholesale,dhaka,INV-2025-0502,CUST-0002,summer
25/04/2025,BATT-12V9A,4,7000,retail,dhaka,INV-2025-0503,CUST-0024,summer
06/04/2025,SPRK-NGK-C4HSA,97,12610,online,sylhet,INV-2025-0504,CUST-0017,summer
11/04/2025,SPRK-NGK-C4HSA,16,2080,retail,sylhet,INV-2025-0505,CUST-0014,summer
17/04/2025,SPRK-NGK-C4HSA,65,8450,retail,chittagong,INV-2025-0506,CUST-0001,summer
23/04/2025,SPRK-NGK-C4HSA,50,6500,wholesale,dhaka,INV-2025-0507,CUST-0048,summer
07/04/2025,SPRK-NGK-BPR6ES,21,3045,retail,khulna,INV-2025-0508,CUST-0011,summer
10/04/2025,SPRK-NGK-BPR6ES,40,5800,retail,khulna,INV-2025-0509,CUST-0031,summer
17/04/2025,SPRK-NGK-BPR6ES,43,6235,retail,barishal,INV-2025-0510,CUST-0005,summer
20/04/2025,SPRK-NGK-BPR6ES,29,4205,retail,dhaka,INV-2025-0511,CUST-0015,summer
26/04/2025,SPRK-NGK-BPR6ES,26,3770,wholesale,dhaka,INV-2025-0512,CUST-0047,summer
05/04/2025,CABL-CLUTCH-100,11,1375,retail,rajshahi,INV-2025-0513,CUST-0003,summer
17/04/2025,CABL-CLUTCH-100,14,1750,retail,dhaka,INV-2025-0514,CUST-0022,summer
21/04/2025,CABL-CLUTCH-100,29,3625,retail,chittagong,INV-2025-0515,CUST-0035,summer
12/04/2025,CABL-THROT-100,60,6480,retail,dhaka,INV-2025-0516,CUST-0048,summer
22/04/2025,CABL-THROT-100,3,324,online,dhaka,INV-2025-0517,CUST-0016,summer
03/04/2025,CABL-SPED-100,3,285,retail,dhaka,INV-2025-0518,CUST-0049,summer
09/04/2025,CABL-SPED-100,15,1425,retail,chittagong,INV-2025-0519,CUST-0035,summer
17/04/2025,CABL-SPED-100,4,380,retail,barishal,INV-2025-0520,CUST-0041,summer
20/04/2025,CABL-SPED-100,4,380,retail,dhaka,INV-2025-0521,CUST-0029,summer
23/04/2025,CABL-SPED-100,11,1045,retail,dhaka,INV-2025-0522,CUST-0035,summer
04/04/2025,BEAR-6201,33,2475,retail,dhaka,INV-2025-0523,CUST-0018,summer
12/04/2025,BEAR-6201,1,75,retail,chittagong,INV-2025-0524,CUST-0033,summer
17/04/2025,BEAR-6201,48,3600,retail,chittagong,INV-2025-0525,CUST-0042,summer
21/04/2025,BEAR-6201,102,7650,online,dhaka,INV-2025-0526,CUST-0016,summer
23/04/2025,BEAR-6201,80,6000,wholesale,dhaka,INV-2025-0527,CUST-0033,summer
06/04/2025,BEAR-6202,12,984,wholesale,rajshahi,INV-2025-0528,CUST-0007,summer
11/04/2025,BEAR-6202,78,6396,retail,barishal,INV-2025-0529,CUST-0041,summer
14/04/2025,BEAR-6202,19,1558,wholesale,sylhet,INV-2025-0530,CUST-0013,summer
19/04/2025,BEAR-6202,1,82,wholesale,rajshahi,INV-2025-0531,CUST-0014,summer
23/04/2025,BEAR-6202,92,7544,retail,dhaka,INV-2025-0532,CUST-0050,summer
09/04/2025,BEAR-6301,61,5490,retail,sylhet,INV-2025-0533,CUST-0013,summer
22/04/2025,BEAR-6301,83,7470,wholesale,rajshahi,INV-2025-0534,CUST-0011,summer
08/04/2025,CLUT-PLATE-100,8,2000,retail,rangpur,INV-2025-0535,CUST-0020,summer
15/04/2025,CLUT-PLATE-100,13,3250,retail,dhaka,INV-2025-0536,CUST-0047,summer
21/04/2025,CLUT-PLATE-100,11,2750,wholesale,dhaka,INV-2025-0537,CUST-0029,summer
06/04/2025,CLUT-PLATE-125,8,2320,retail,sylhet,INV-2025-0538,CUST-0024,summer
10/04/2025,CLUT-PLATE-125,1,290,retail,dhaka,INV-2025-0539,CUST-0025,summer
13/04/2025,CLUT-PLATE-125,10,2900,wholesale,dhaka,INV-2025-0540,CUST-0013,summer
19/04/2025,CLUT-PLATE-125,1,290,wholesale,rajshahi,INV-2025-0541,CUST-0029,summer
24/04/2025,CLUT-PLATE-125,4,1160,retail,khulna,INV-2025-0542,CUST-0016,summer
06/04/2025,ENGN-OIL-10W30,23,7360,retail,dhaka,INV-2025-0543,CUST-0041,summer
09/04/2025,ENGN-OIL-10W30,14,4480,wholesale,dhaka,INV-2025-0544,CUST-0029,summer
15/04/2025,ENGN-OIL-10W30,23,7360,retail,barishal,INV-2025-0545,CUST-0009,summer
22/04/2025,ENGN-OIL-10W30,24,7680,retail,barishal,INV-2025-0546,CUST-0050,summer
27/04/2025,ENGN-OIL-10W30,19,6080,wholesale,rajshahi,INV-2025-0547,CUST-0010,summer
09/04/2025,ENGN-OIL-20W40,37,12950,retail,chittagong,INV-2025-0548,CUST-0002,summer
15/04/2025,ENGN-OIL-20W40,29,10150,wholesale,dhaka,INV-2025-0549,CUST-0045,summer
24/04/2025,ENGN-OIL-20W40,22,7700,retail,rajshahi,INV-2025-0550,CUST-0024,summer
05/04/2025,FORK-SEAL-100,16,1920,retail,dhaka,INV-2025-0551,CUST-0026,summer
10/04/2025,FORK-SEAL-100,4,480,wholesale,khulna,INV-2025-0552,CUST-0034,summer
17/04/2025,FORK-SEAL-100,7,840,online,dhaka,INV-2025-0553,CUST-0024,summer
18/04/2025,FORK-SEAL-100,5,600,retail,dhaka,INV-2025-0554,CUST-0003,summer
24/04/2025,FORK-SEAL-100,8,960,online,rangpur,INV-2025-0555,CUST-0021,summer
07/04/2025,SHCK-REAR-100,4,3120,retail,khulna,INV-2025-0556,CUST-0030,summer
08/04/2025,SHCK-REAR-100,5,3900,online,sylhet,INV-2025-0557,CUST-0049,summer
17/04/2025,SHCK-REAR-100,1,780,wholesale,dhaka,INV-2025-0558,CUST-0018,summer
19/04/2025,SHCK-REAR-100,1,780,online,chittagong,INV-2025-0559,CUST-0048,summer
27/04/2025,SHCK-REAR-100,1,780,retail,dhaka,INV-2025-0560,CUST-0012,summer
04/04/2025,HEAD-LED-H4,3,1560,wholesale,dhaka,INV-2025-0561,CUST-0002,summer
13/04/2025,HEAD-LED-H4,6,3120,retail,dhaka,INV-2025-0562,CUST-0010,summer
20/04/2025,HEAD-LED-H4,5,2600,retail,dhaka,INV-2025-0563,CUST-0044,summer
24/04/2025,HEAD-LED-H4,7,3640,wholesale,rajshahi,INV-2025-0564,CUST-0042,summer
05/04/2025,HEAD-HALO-H4,11,2640,wholesale,dhaka,INV-2025-0565,CUST-0003,summer
12/04/2025,HEAD-HALO-H4,10,2400,wholesale,rajshahi,INV-2025-0566,CUST-0005,summer
17/04/2025,HEAD-HALO-H4,7,1680,retail,dhaka,INV-2025-0567,CUST-0015,summer
22/04/2025,HEAD-HALO-H4,2,480,retail,sylhet,INV-2025-0568,CUST-0011,summer
04/04/2025,TAIL-UNIV-A,5,975,online,khulna,INV-2025-0569,CUST-0014,summer
13/04/2025,TAIL-UNIV-A,20,3900,retail,dhaka,INV-2025-0570,CUST-0026,summer
16/04/2025,TAIL-UNIV-A,17,3315,wholesale,dhaka,INV-2025-0571,CUST-0038,summer
25/04/2025,TAIL-UNIV-A,1,195,retail,khulna,INV-2025-0572,CUST-0012,summer
11/04/2025,MIRR-ROUND-10,38,2964,online,dhaka,INV-2025-0573,CUST-0027,summer
22/04/2025,MIRR-ROUND-10,48,3744,online,dhaka,INV-2025-0574,CUST-0033,summer
07/04/2025,HDLB-RAISED-22,4,1160,retail,dhaka,INV-2025-0575,CUST-0005,summer
13/04/2025,HDLB-RAISED-22,8,2320,wholesale,chittagong,INV-2025-0576,CUST-0020,summer
16/04/2025,HDLB-RAISED-22,1,290,wholesale,dhaka,INV-2025-0577,CUST-0042,summer
24/04/2025,HDLB-RAISED-22,3,870,retail,sylhet,INV-2025-0578,CUST-0031,summer
05/04/2025,SEAT-COMM-100,3,1050,retail,chittagong,INV-2025-0579,CUST-0031,summer
14/04/2025,SEAT-COMM-100,4,1400,retail,rajshahi,INV-2025-0580,CUST-0014,summer
16/04/2025,SEAT-COMM-100,1,350,wholesale,khulna,INV-2025-0581,CUST-0024,summer
23/04/2025,SEAT-COMM-100,4,1400,wholesale,sylhet,INV-2025-0582,CUST-0027,summer
05/04/2025,TANK-FUEL-10L,2,3100,retail,chittagong,INV-2025-0583,CUST-0041,summer
14/04/2025,TANK-FUEL-10L,2,3100,wholesale,dhaka,INV-2025-0584,CUST-0040,summer
20/04/2025,TANK-FUEL-10L,1,1550,wholesale,dhaka,INV-2025-0585,CUST-0022,summer
07/04/2025,EXHS-BAJ-100,1,720,retail,dhaka,INV-2025-0586,CUST-0027,summer
09/04/2025,EXHS-BAJ-100,3,2160,retail,mymensingh,INV-2025-0587,CUST-0031,summer
14/04/2025,EXHS-BAJ-100,4,2880,retail,chittagong,INV-2025-0588,CUST-0035,summer
18/04/2025,EXHS-BAJ-100,1,720,online,chittagong,INV-2025-0589,CUST-0041,summer
23/04/2025,EXHS-BAJ-100,1,720,retail,dhaka,INV-2025-0590,CUST-0017,summer
05/04/2025,CARB-KEI-VM17,3,3600,retail,khulna,INV-2025-0591,CUST-0043,summer
11/04/2025,CARB-KEI-VM17,1,1200,retail,dhaka,INV-2025-0592,CUST-0026,summer
20/04/2025,CARB-KEI-VM17,1,1200,wholesale,dhaka,INV-2025-0593,CUST-0016,summer
23/04/2025,CARB-KEI-VM17,1,1200,retail,dhaka,INV-2025-0594,CUST-0043,summer
04/05/2025,PIST-BAJ-100,9,5220,online,chittagong,INV-2025-0595,CUST-0003,summer
10/05/2025,PIST-BAJ-100,7,4060,wholesale,rajshahi,INV-2025-0596,CUST-0041,summer
16/05/2025,PIST-BAJ-100,7,4060,retail,dhaka,INV-2025-0597,CUST-0012,summer
20/05/2025,PIST-BAJ-100,11,6380,wholesale,dhaka,INV-2025-0598,CUST-0016,summer
24/05/2025,PIST-BAJ-100,10,5800,retail,dhaka,INV-2025-0599,CUST-0037,summer
07/05/2025,PIST-BAJ-150,2,1640,wholesale,chittagong,INV-2025-0600,CUST-0042,summer
14/05/2025,PIST-BAJ-150,10,8200,online,rajshahi,INV-2025-0601,CUST-0022,summer
18/05/2025,PIST-BAJ-150,10,8200,retail,mymensingh,INV-2025-0602,CUST-0022,summer
26/05/2025,PIST-BAJ-150,4,3280,retail,khulna,INV-2025-0603,CUST-0036,summer
12/05/2025,PIST-HERO-100,41,20910,retail,dhaka,INV-2025-0604,CUST-0042,summer
20/05/2025,PIST-HERO-100,21,10710,wholesale,dhaka,INV-2025-0605,CUST-0007,summer
06/05/2025,PIST-HONDA-125,13,8320,wholesale,dhaka,INV-2025-0606,CUST-0033,summer
11/05/2025,PIST-HONDA-125,2,1280,wholesale,dhaka,INV-2025-0607,CUST-0015,summer
17/05/2025,PIST-HONDA-125,11,7040,retail,rajshahi,INV-2025-0608,CUST-0048,summer
18/05/2025,PIST-HONDA-125,2,1280,wholesale,dhaka,INV-2025-0609,CUST-0010,summer
27/05/2025,PIST-HONDA-125,6,3840,wholesale,chittagong,INV-2025-0610,CUST-0004,summer
05/05/2025,GASK-BAJ-100,18,4320,online,dhaka,INV-2025-0611,CUST-0046,summer
10/05/2025,GASK-BAJ-100,23,5520,online,dhaka,INV-2025-0612,CUST-0040,summer
17/05/2025,GASK-BAJ-100,33,7920,retail,chittagong,INV-2025-0613,CUST-0004,summer
26/05/2025,GASK-BAJ-100,6,1440,online,rangpur,INV-2025-0614,CUST-0019,summer
07/05/2025,GASK-UNIV-125,19,5510,retail,rangpur,INV-2025-0615,CUST-0027,summer
10/05/2025,GASK-UNIV-125,10,2900,retail,dhaka,INV-2025-0616,CUST-0011,summer
14/05/2025,GASK-UNIV-125,1,290,wholesale,rajshahi,INV-2025-0617,CUST-0016,summer
22/05/2025,GASK-UNIV-125,20,5800,retail,dhaka,INV-2025-0618,CUST-0027,summer
27/05/2025,GASK-UNIV-125,1,290,retail,dhaka,INV-2025-0619,CUST-0023,summer
05/05/2025,CHAIN-428H,1,350,wholesale,sylhet,INV-2025-0620,CUST-0001,summer
11/05/2025,CHAIN-428H,4,1400,wholesale,sylhet,INV-2025-0621,CUST-0034,summer
19/05/2025,CHAIN-428H,7,2450,wholesale,dhaka,INV-2025-0622,CUST-0031,summer
23/05/2025,CHAIN-428H,6,2100,retail,dhaka,INV-2025-0623,CUST-0008,summer
06/05/2025,CHAIN-420,2,460,online,chittagong,INV-2025-0624,CUST-0045,summer
10/05/2025,CHAIN-420,8,1840,retail,khulna,INV-2025-0625,CUST-0019,summer
13/05/2025,CHAIN-420,7,1610,retail,dhaka,INV-2025-0626,CUST-0047,summer
21/05/2025,CHAIN-420,7,1610,wholesale,sylhet,INV-2025-0627,CUST-0024,summer
26/05/2025,CHAIN-420,8,1840,wholesale,dhaka,INV-2025-0628,CUST-0032,summer
05/05/2025,FILT-OIL-100,20,1900,retail,sylhet,INV-2025-0629,CUST-0023,summer
10/05/2025,FILT-OIL-100,30,2850,retail,dhaka,INV-2025-0630,CUST-0032,summer
17/05/2025,FILT-OIL-100,41,3895,retail,dhaka,INV-2025-0631,CUST-0038,summer
20/05/2025,FILT-OIL-100,13,1235,retail,chittagong,INV-2025-0632,CUST-0050,summer
26/05/2025,FILT-OIL-100,34,3230,retail,khulna,INV-2025-0633,CUST-0039,summer
07/05/2025,FILT-OIL-125,28,3080,wholesale,chittagong,INV-2025-0634,CUST-0039,summer
08/05/2025,FILT-OIL-125,39,4290,retail,chittagong,INV-2025-0635,CUST-0048,summer
13/05/2025,FILT-OIL-125,30,3300,wholesale,dhaka,INV-2025-0636,CUST-0029,summer
19/05/2025,FILT-OIL-125,2,220,wholesale,khulna,INV-2025-0637,CUST-0034,summer
25/05/2025,FILT-OIL-125,5,550,retail,dhaka,INV-2025-0638,CUST-0041,summer
05/05/2025,FILT-AIR-100,35,2870,wholesale,dhaka,INV-2025-0639,CUST-0023,summer
11/05/2025,FILT-AIR-100,1,82,retail,mymensingh,INV-2025-0640,CUST-0029,summer
13/05/2025,FILT-AIR-100,28,2296,retail,rajshahi,INV-2025-0641,CUST-0045,summer
21/05/2025,FILT-AIR-100,1,82,retail,mymensingh,INV-2025-0642,CUST-0011,summer
25/05/2025,FILT-AIR-100,47,3854,wholesale,dhaka,INV-2025-0643,CUST-0036,summer
07/05/2025,FILT-AIR-125,29,2610,wholesale,dhaka,INV-2025-0644,CUST-0041,summer
12/05/2025,FILT-AIR-125,30,2700,wholesale,chittagong,INV-2025-0645,CUST-0041,summer
14/05/2025,FILT-AIR-125,6,540,retail,dhaka,INV-2025-0646,CUST-0017,summer
20/05/2025,FILT-AIR-125,19,1710,retail,khulna,INV-2025-0647,CUST-0022,summer
25/05/2025,FILT-AIR-125,3,270,online,khulna,INV-2025-0648,CUST-0049,summer
09/05/2025,BRKE-PAD-DISC,12,2100,wholesale,rajshahi,INV-2025-0649,CUST-0026,summer
17/05/2025,BRKE-PAD-DISC,4,700,retail,sylhet,INV-2025-0650,CUST-0006,summer
23/05/2025,BRKE-PAD-DISC,22,3850,wholesale,dhaka,INV-2025-0651,CUST-0043,summer
07/05/2025,BRKE-PAD-DRUM,8,1080,retail,chittagong,INV-2025-0652,CUST-0015,summer
10/05/2025,BRKE-PAD-DRUM,20,2700,retail,chittagong,INV-2025-0653,CUST-0036,summer
18/05/2025,BRKE-PAD-DRUM,20,2700,online,dhaka,INV-2025-0654,CUST-0002,summer
26/05/2025,BRKE-PAD-DRUM,8,1080,wholesale,chittagong,INV-2025-0655,CUST-0015,summer
07/05/2025,TIRE-100-18,4,4400,retail,khulna,INV-2025-0656,CUST-0029,summer
14/05/2025,TIRE-100-18,7,7700,wholesale,chittagong,INV-2025-0657,CUST-0037,summer
21/05/2025,TIRE-100-18,1,1100,retail,dhaka,INV-2025-0658,CUST-0034,summer
05/05/2025,TIRE-100-17,3,2940,wholesale,dhaka,INV-2025-0659,CUST-0021,summer
09/05/2025,TIRE-100-17,3,2940,online,khulna,INV-2025-0660,CUST-0016,summer
15/05/2025,TIRE-100-17,5,4900,wholesale,rajshahi,INV-2025-0661,CUST-0007,summer
22/05/2025,TIRE-100-17,4,3920,wholesale,mymensingh,INV-2025-0662,CUST-0033,summer
25/05/2025,TIRE-100-17,1,980,wholesale,rajshahi,INV-2025-0663,CUST-0007,summer
09/05/2025,TIRE-125-18,3,4050,wholesale,dhaka,INV-2025-0664,CUST-0030,summer
14/05/2025,TIRE-125-18,3,4050,retail,sylhet,INV-2025-0665,CUST-0028,summer
24/05/2025,TIRE-125-18,3,4050,online,dhaka,INV-2025-0666,CUST-0002,summer
09/05/2025,BATT-12V7A,12,18000,retail,sylhet,INV-2025-0667,CUST-0047,summer
18/05/2025,BATT-12V7A,7,10500,retail,dhaka,INV-2025-0668,CUST-0047,summer
07/05/2025,BATT-12V9A,2,3500,wholesale,rajshahi,INV-2025-0669,CUST-0027,summer
10/05/2025,BATT-12V9A,4,7000,wholesale,dhaka,INV-2025-0670,CUST-0044,summer
15/05/2025,BATT-12V9A,1,1750,online,chittagong,INV-2025-0671,CUST-0040,summer
19/05/2025,BATT-12V9A,2,3500,wholesale,dhaka,INV-2025-0672,CUST-0038,summer
27/05/2025,BATT-12V9A,3,5250,online,dhaka,INV-2025-0673,CUST-0040,summer
04/05/2025,SPRK-NGK-C4HSA,32,4160,retail,dhaka,INV-2025-0674,CUST-0026,summer
09/05/2025,SPRK-NGK-C4HSA,32,4160,online,chittagong,INV-2025-0675,CUST-0025,summer
13/05/2025,SPRK-NGK-C4HSA,11,1430,retail,khulna,INV-2025-0676,CUST-0031,summer
21/05/2025,SPRK-NGK-C4HSA,27,3510,retail,dhaka,INV-2025-0677,CUST-0007,summer
23/05/2025,SPRK-NGK-C4HSA,34,4420,retail,dhaka,INV-2025-0678,CUST-0028,summer
05/05/2025,SPRK-NGK-BPR6ES,8,1160,wholesale,dhaka,INV-2025-0679,CUST-0036,summer
11/05/2025,SPRK-NGK-BPR6ES,19,2755,retail,dhaka,INV-2025-0680,CUST-0011,summer
13/05/2025,SPRK-NGK-BPR6ES,15,2175,online,dhaka,INV-2025-0681,CUST-0001,summer
22/05/2025,SPRK-NGK-BPR6ES,26,3770,retail,dhaka,INV-2025-0682,CUST-0002,summer
25/05/2025,SPRK-NGK-BPR6ES,48,6960,wholesale,khulna,INV-2025-0683,CUST-0024,summer
07/05/2025,CABL-CLUTCH-100,7,875,wholesale,chittagong,INV-2025-0684,CUST-0029,summer
13/05/2025,CABL-CLUTCH-100,26,3250,online,rajshahi,INV-2025-0685,CUST-0012,summer
22/05/2025,CABL-CLUTCH-100,8,1000,wholesale,chittagong,INV-2025-0686,CUST-0029,summer
08/05/2025,CABL-THROT-100,18,1944,retail,rangpur,INV-2025-0687,CUST-0044,summer
20/05/2025,CABL-THROT-100,18,1944,wholesale,dhaka,INV-2025-0688,CUST-0007,summer
09/05/2025,CABL-SPED-100,10,950,wholesale,rangpur,INV-2025-0689,CUST-0005,summer
16/05/2025,CABL-SPED-100,9,855,retail,dhaka,INV-2025-0690,CUST-0016,summer
24/05/2025,CABL-SPED-100,10,950,retail,rangpur,INV-2025-0691,CUST-0026,summer
12/05/2025,BEAR-6201,81,6075,retail,khulna,INV-2025-0692,CUST-0042,summer
18/05/2025,BEAR-6201,81,6075,wholesale,dhaka,INV-2025-0693,CUST-0037,summer
05/05/2025,BEAR-6202,49,4018,retail,dhaka,INV-2025-0694,CUST-0007,summer
11/05/2025,BEAR-6202,41,3362,retail,dhaka,INV-2025-0695,CUST-0025,summer
16/05/2025,BEAR-6202,18,1476,online,dhaka,INV-2025-0696,CUST-0050,summer
21/05/2025,BEAR-6202,9,738,wholesale,dhaka,INV-2025-0697,CUST-0004,summer
26/05/2025,BEAR-6202,49,4018,retail,chittagong,INV-2025-0698,CUST-0006,summer
05/05/2025,BEAR-6301,33,2970,online,dhaka,INV-2025-0699,CUST-0004,summer
15/05/2025,BEAR-6301,38,3420,wholesale,khulna,INV-2025-0700,CUST-0028,summer
24/05/2025,BEAR-6301,27,2430,wholesale,rajshahi,INV-2025-0701,CUST-0012,summer
09/05/2025,CLUT-PLATE-100,21,5250,retail,rajshahi,INV-2025-0702,CUST-0014,summer
19/05/2025,CLUT-PLATE-100,2,500,wholesale,chittagong,INV-2025-0703,CUST-0040,summer
04/05/2025,CLUT-PLATE-125,1,290,retail,dhaka,INV-2025-0704,CUST-0016,summer
11/05/2025,CLUT-PLATE-125,5,1450,retail,sylhet,INV-2025-0705,CUST-0028,summer
14/05/2025,CLUT-PLATE-125,5,1450,wholesale,sylhet,INV-2025-0706,CUST-0041,summer
20/05/2025,CLUT-PLATE-125,1,290,online,dhaka,INV-2025-0707,CUST-0042,summer
26/05/2025,CLUT-PLATE-125,2,580,retail,rajshahi,INV-2025-0708,CUST-0045,summer
06/05/2025,ENGN-OIL-10W30,10,3200,retail,dhaka,INV-2025-0709,CUST-0011,summer
08/05/2025,ENGN-OIL-10W30,25,8000,retail,barishal,INV-2025-0710,CUST-0012,summer
16/05/2025,ENGN-OIL-10W30,6,1920,retail,chittagong,INV-2025-0711,CUST-0048,summer
19/05/2025,ENGN-OIL-10W30,23,7360,wholesale,dhaka,INV-2025-0712,CUST-0045,summer
24/05/2025,ENGN-OIL-10W30,7,2240,wholesale,dhaka,INV-2025-0713,CUST-0019,summer
04/05/2025,ENGN-OIL-20W40,4,1400,online,dhaka,INV-2025-0714,CUST-0031,summer
14/05/2025,ENGN-OIL-20W40,4,1400,retail,chittagong,INV-2025-0715,CUST-0003,summer
19/05/2025,ENGN-OIL-20W40,29,10150,retail,khulna,INV-2025-0716,CUST-0049,summer
23/05/2025,ENGN-OIL-20W40,32,11200,retail,sylhet,INV-2025-0717,CUST-0028,summer
04/05/2025,FORK-SEAL-100,6,720,retail,dhaka,INV-2025-0718,CUST-0017,summer
09/05/2025,FORK-SEAL-100,4,480,retail,barishal,INV-2025-0719,CUST-0013,summer
15/05/2025,FORK-SEAL-100,7,840,retail,barishal,INV-2025-0720,CUST-0025,summer
18/05/2025,FORK-SEAL-100,6,720,retail,dhaka,INV-2025-0721,CUST-0005,summer
27/05/2025,FORK-SEAL-100,4,480,wholesale,dhaka,INV-2025-0722,CUST-0022,summer
04/05/2025,SHCK-REAR-100,1,780,retail,dhaka,INV-2025-0723,CUST-0034,summer
09/05/2025,SHCK-REAR-100,2,1560,wholesale,chittagong,INV-2025-0724,CUST-0011,summer
17/05/2025,SHCK-REAR-100,3,2340,retail,rajshahi,INV-2025-0725,CUST-0003,summer
20/05/2025,SHCK-REAR-100,2,1560,retail,dhaka,INV-2025-0726,CUST-0015,summer
23/05/2025,SHCK-REAR-100,1,780,retail,dhaka,INV-2025-0727,CUST-0004,summer
08/05/2025,HEAD-LED-H4,8,4160,retail,chittagong,INV-2025-0728,CUST-0031,summer
22/05/2025,HEAD-LED-H4,8,4160,wholesale,rangpur,INV-2025-0729,CUST-0019,summer
06/05/2025,HEAD-HALO-H4,3,720,retail,khulna,INV-2025-0730,CUST-0019,summer
11/05/2025,HEAD-HALO-H4,6,1440,retail,sylhet,INV-2025-0731,CUST-0025,summer
14/05/2025,HEAD-HALO-H4,5,1200,online,mymensingh,INV-2025-0732,CUST-0024,summer
21/05/2025,HEAD-HALO-H4,5,1200,retail,rajshahi,INV-2025-0733,CUST-0020,summer
27/05/2025,HEAD-HALO-H4,3,720,retail,dhaka,INV-2025-0734,CUST-0046,summer
08/05/2025,TAIL-UNIV-A,19,3705,retail,chittagong,INV-2025-0735,CUST-0025,summer
16/05/2025,TAIL-UNIV-A,3,585,retail,chittagong,INV-2025-0736,CUST-0043,summer
24/05/2025,TAIL-UNIV-A,13,2535,wholesale,dhaka,INV-2025-0737,CUST-0014,summer
09/05/2025,MIRR-ROUND-10,15,1170,wholesale,chittagong,INV-2025-0738,CUST-0027,summer
15/05/2025,MIRR-ROUND-10,24,1872,retail,dhaka,INV-2025-0739,CUST-0026,summer
24/05/2025,MIRR-ROUND-10,19,1482,retail,dhaka,INV-2025-0740,CUST-0042,summer
07/05/2025,HDLB-RAISED-22,1,290,retail,sylhet,INV-2025-0741,CUST-0043,summer
11/05/2025,HDLB-RAISED-22,2,580,online,dhaka,INV-2025-0742,CUST-0044,summer
14/05/2025,HDLB-RAISED-22,5,1450,retail,chittagong,INV-2025-0743,CUST-0026,summer
21/05/2025,HDLB-RAISED-22,1,290,wholesale,chittagong,INV-2025-0744,CUST-0010,summer
23/05/2025,HDLB-RAISED-22,3,870,retail,chittagong,INV-2025-0745,CUST-0048,summer
03/05/2025,SEAT-COMM-100,1,350,online,barishal,INV-2025-0746,CUST-0022,summer
08/05/2025,SEAT-COMM-100,2,700,retail,khulna,INV-2025-0747,CUST-0023,summer
13/05/2025,SEAT-COMM-100,2,700,retail,dhaka,INV-2025-0748,CUST-0014,summer
18/05/2025,SEAT-COMM-100,2,700,retail,dhaka,INV-2025-0749,CUST-0040,summer
23/05/2025,SEAT-COMM-100,2,700,wholesale,barishal,INV-2025-0750,CUST-0029,summer
06/05/2025,TANK-FUEL-10L,1,1550,online,dhaka,INV-2025-0751,CUST-0027,summer
14/05/2025,TANK-FUEL-10L,1,1550,wholesale,dhaka,INV-2025-0752,CUST-0031,summer
24/05/2025,TANK-FUEL-10L,2,3100,retail,sylhet,INV-2025-0753,CUST-0016,summer
08/05/2025,EXHS-BAJ-100,7,5040,retail,dhaka,INV-2025-0754,CUST-0045,summer
16/05/2025,EXHS-BAJ-100,1,720,retail,mymensingh,INV-2025-0755,CUST-0029,summer
24/05/2025,EXHS-BAJ-100,1,720,retail,chittagong,INV-2025-0756,CUST-0002,summer
08/05/2025,CARB-KEI-VM17,2,2400,online,dhaka,INV-2025-0757,CUST-0043,summer
12/05/2025,CARB-KEI-VM17,1,1200,wholesale,dhaka,INV-2025-0758,CUST-0019,summer
19/05/2025,CARB-KEI-VM17,2,2400,online,rajshahi,INV-2025-0759,CUST-0006,summer
23/05/2025,CARB-KEI-VM17,1,1200,online,dhaka,INV-2025-0760,CUST-0032,summer
06/06/2025,PIST-BAJ-100,10,5800,retail,rajshahi,INV-2025-0761,CUST-0028,monsoon
10/06/2025,PIST-BAJ-100,4,2320,retail,dhaka,INV-2025-0762,CUST-0049,monsoon
14/06/2025,PIST-BAJ-100,3,1740,wholesale,sylhet,INV-2025-0763,CUST-0022,monsoon
18/06/2025,PIST-BAJ-100,6,3480,retail,chittagong,INV-2025-0764,CUST-0040,monsoon
24/06/2025,PIST-BAJ-100,11,6380,wholesale,dhaka,INV-2025-0765,CUST-0020,monsoon
06/06/2025,PIST-BAJ-150,4,3280,wholesale,rajshahi,INV-2025-0766,CUST-0032,monsoon
11/06/2025,PIST-BAJ-150,1,820,retail,dhaka,INV-2025-0767,CUST-0029,monsoon
15/06/2025,PIST-BAJ-150,7,5740,retail,barishal,INV-2025-0768,CUST-0043,monsoon
19/06/2025,PIST-BAJ-150,7,5740,online,barishal,INV-2025-0769,CUST-0008,monsoon
25/06/2025,PIST-BAJ-150,2,1640,retail,dhaka,INV-2025-0770,CUST-0049,monsoon
12/06/2025,PIST-HERO-100,34,17340,online,rajshahi,INV-2025-0771,CUST-0001,monsoon
19/06/2025,PIST-HERO-100,13,6630,wholesale,rajshahi,INV-2025-0772,CUST-0022,monsoon
11/06/2025,PIST-HONDA-125,7,4480,retail,rajshahi,INV-2025-0773,CUST-0008,monsoon
20/06/2025,PIST-HONDA-125,27,17280,retail,dhaka,INV-2025-0774,CUST-0048,monsoon
06/06/2025,GASK-BAJ-100,6,1440,retail,rajshahi,INV-2025-0775,CUST-0041,monsoon
14/06/2025,GASK-BAJ-100,63,15120,retail,chittagong,INV-2025-0776,CUST-0013,monsoon
20/06/2025,GASK-BAJ-100,1,240,retail,rajshahi,INV-2025-0777,CUST-0046,monsoon
08/06/2025,GASK-UNIV-125,11,3190,retail,mymensingh,INV-2025-0778,CUST-0035,monsoon
10/06/2025,GASK-UNIV-125,9,2610,retail,chittagong,INV-2025-0779,CUST-0008,monsoon
16/06/2025,GASK-UNIV-125,13,3770,retail,rajshahi,INV-2025-0780,CUST-0012,monsoon
23/06/2025,GASK-UNIV-125,7,2030,wholesale,khulna,INV-2025-0781,CUST-0015,monsoon
06/06/2025,CHAIN-428H,5,1750,online,sylhet,INV-2025-0782,CUST-0017,monsoon
11/06/2025,CHAIN-428H,4,1400,retail,dhaka,INV-2025-0783,CUST-0004,monsoon
20/06/2025,CHAIN-428H,3,1050,retail,dhaka,INV-2025-0784,CUST-0047,monsoon
22/06/2025,CHAIN-428H,4,1400,wholesale,dhaka,INV-2025-0785,CUST-0028,monsoon
07/06/2025,CHAIN-420,1,230,wholesale,chittagong,INV-2025-0786,CUST-0031,monsoon
08/06/2025,CHAIN-420,7,1610,retail,dhaka,INV-2025-0787,CUST-0032,monsoon
17/06/2025,CHAIN-420,1,230,online,dhaka,INV-2025-0788,CUST-0013,monsoon
20/06/2025,CHAIN-420,6,1380,retail,dhaka,INV-2025-0789,CUST-0045,monsoon
25/06/2025,CHAIN-420,9,2070,retail,dhaka,INV-2025-0790,CUST-0030,monsoon
06/06/2025,FILT-OIL-100,17,1615,wholesale,mymensingh,INV-2025-0791,CUST-0026,monsoon
08/06/2025,FILT-OIL-100,33,3135,retail,dhaka,INV-2025-0792,CUST-0043,monsoon
14/06/2025,FILT-OIL-100,17,1615,retail,barishal,INV-2025-0793,CUST-0012,monsoon
20/06/2025,FILT-OIL-100,5,475,retail,dhaka,INV-2025-0794,CUST-0031,monsoon
26/06/2025,FILT-OIL-100,28,2660,retail,dhaka,INV-2025-0795,CUST-0002,monsoon
06/06/2025,FILT-OIL-125,13,1430,retail,sylhet,INV-2025-0796,CUST-0028,monsoon
14/06/2025,FILT-OIL-125,42,4620,retail,rangpur,INV-2025-0797,CUST-0043,monsoon
23/06/2025,FILT-OIL-125,24,2640,online,dhaka,INV-2025-0798,CUST-0005,monsoon
06/06/2025,FILT-AIR-100,31,2542,wholesale,sylhet,INV-2025-0799,CUST-0028,monsoon
08/06/2025,FILT-AIR-100,7,574,wholesale,sylhet,INV-2025-0800,CUST-0034,monsoon
15/06/2025,FILT-AIR-100,26,2132,wholesale,dhaka,INV-2025-0801,CUST-0045,monsoon
19/06/2025,FILT-AIR-100,25,2050,retail,khulna,INV-2025-0802,CUST-0031,monsoon
25/06/2025,FILT-AIR-100,11,902,retail,dhaka,INV-2025-0803,CUST-0027,monsoon
07/06/2025,FILT-AIR-125,14,1260,retail,chittagong,INV-2025-0804,CUST-0013,monsoon
12/06/2025,FILT-AIR-125,19,1710,online,barishal,INV-2025-0805,CUST-0041,monsoon
20/06/2025,FILT-AIR-125,19,1710,online,chittagong,INV-2025-0806,CUST-0046,monsoon
24/06/2025,FILT-AIR-125,13,1170,retail,chittagong,INV-2025-0807,CUST-0016,monsoon
05/06/2025,BRKE-PAD-DISC,12,2100,online,sylhet,INV-2025-0808,CUST-0047,monsoon
08/06/2025,BRKE-PAD-DISC,4,700,retail,dhaka,INV-2025-0809,CUST-0050,monsoon
17/06/2025,BRKE-PAD-DISC,12,2100,wholesale,dhaka,INV-2025-0810,CUST-0046,monsoon
21/06/2025,BRKE-PAD-DISC,5,875,wholesale,dhaka,INV-2025-0811,CUST-0004,monsoon
26/06/2025,BRKE-PAD-DISC,2,350,retail,chittagong,INV-2025-0812,CUST-0001,monsoon
07/06/2025,BRKE-PAD-DRUM,8,1080,wholesale,dhaka,INV-2025-0813,CUST-0048,monsoon
09/06/2025,BRKE-PAD-DRUM,12,1620,wholesale,barishal,INV-2025-0814,CUST-0033,monsoon
14/06/2025,BRKE-PAD-DRUM,14,1890,wholesale,dhaka,INV-2025-0815,CUST-0028,monsoon
22/06/2025,BRKE-PAD-DRUM,7,945,online,rajshahi,INV-2025-0816,CUST-0020,monsoon
27/06/2025,BRKE-PAD-DRUM,5,675,retail,dhaka,INV-2025-0817,CUST-0002,monsoon
04/06/2025,TIRE-100-18,1,1100,retail,rangpur,INV-2025-0818,CUST-0013,monsoon
12/06/2025,TIRE-100-18,2,2200,retail,rajshahi,INV-2025-0819,CUST-0011,monsoon
16/06/2025,TIRE-100-18,4,4400,retail,chittagong,INV-2025-0820,CUST-0002,monsoon
20/06/2025,TIRE-100-18,1,1100,online,dhaka,INV-2025-0821,CUST-0036,monsoon
23/06/2025,TIRE-100-18,1,1100,retail,chittagong,INV-2025-0822,CUST-0047,monsoon
11/06/2025,TIRE-100-17,6,5880,wholesale,dhaka,INV-2025-0823,CUST-0003,monsoon
19/06/2025,TIRE-100-17,7,6860,retail,sylhet,INV-2025-0824,CUST-0049,monsoon
11/06/2025,TIRE-125-18,4,5400,retail,barishal,INV-2025-0825,CUST-0007,monsoon
18/06/2025,TIRE-125-18,3,4050,online,chittagong,INV-2025-0826,CUST-0016,monsoon
07/06/2025,BATT-12V7A,6,9000,wholesale,chittagong,INV-2025-0827,CUST-0026,monsoon
13/06/2025,BATT-12V7A,2,3000,wholesale,sylhet,INV-2025-0828,CUST-0006,monsoon
20/06/2025,BATT-12V7A,2,3000,retail,khulna,INV-2025-0829,CUST-0008,monsoon
22/06/2025,BATT-12V7A,4,6000,online,rajshahi,INV-2025-0830,CUST-0015,monsoon
09/06/2025,BATT-12V9A,1,1750,retail,dhaka,INV-2025-0831,CUST-0015,monsoon
21/06/2025,BATT-12V9A,9,15750,online,rangpur,INV-2025-0832,CUST-0009,monsoon
06/06/2025,SPRK-NGK-C4HSA,27,3510,retail,chittagong,INV-2025-0833,CUST-0038,monsoon
13/06/2025,SPRK-NGK-C4HSA,43,5590,retail,dhaka,INV-2025-0834,CUST-0032,monsoon
16/06/2025,SPRK-NGK-C4HSA,27,3510,wholesale,dhaka,INV-2025-0835,CUST-0038,monsoon
25/06/2025,SPRK-NGK-C4HSA,35,4550,wholesale,barishal,INV-2025-0836,CUST-0011,monsoon
07/06/2025,SPRK-NGK-BPR6ES,21,3045,retail,dhaka,INV-2025-0837,CUST-0013,monsoon
15/06/2025,SPRK-NGK-BPR6ES,35,5075,retail,rajshahi,INV-2025-0838,CUST-0013,monsoon
24/06/2025,SPRK-NGK-BPR6ES,29,4205,retail,dhaka,INV-2025-0839,CUST-0008,monsoon
04/06/2025,CABL-CLUTCH-100,1,125,online,rajshahi,INV-2025-0840,CUST-0013,monsoon
08/06/2025,CABL-CLUTCH-100,9,1125,wholesale,rajshahi,INV-2025-0841,CUST-0020,monsoon
13/06/2025,CABL-CLUTCH-100,9,1125,wholesale,khulna,INV-2025-0842,CUST-0038,monsoon
21/06/2025,CABL-CLUTCH-100,7,875,retail,khulna,INV-2025-0843,CUST-0004,monsoon
23/06/2025,CABL-CLUTCH-100,6,750,retail,sylhet,INV-2025-0844,CUST-0017,monsoon
09/06/2025,CABL-THROT-100,19,2052,online,dhaka,INV-2025-0845,CUST-0025,monsoon
20/06/2025,CABL-THROT-100,13,1404,retail,rajshahi,INV-2025-0846,CUST-0026,monsoon
06/06/2025,CABL-SPED-100,12,1140,retail,dhaka,INV-2025-0847,CUST-0002,monsoon
13/06/2025,CABL-SPED-100,6,570,online,sylhet,INV-2025-0848,CUST-0018,monsoon
24/06/2025,CABL-SPED-100,7,665,retail,rangpur,INV-2025-0849,CUST-0025,monsoon
08/06/2025,BEAR-6201,15,1125,wholesale,dhaka,INV-2025-0850,CUST-0020,monsoon
15/06/2025,BEAR-6201,56,4200,online,rajshahi,INV-2025-0851,CUST-0020,monsoon
20/06/2025,BEAR-6201,98,7350,retail,dhaka,INV-2025-0852,CUST-0014,monsoon
09/06/2025,BEAR-6202,57,4674,wholesale,dhaka,INV-2025-0853,CUST-0030,monsoon
18/06/2025,BEAR-6202,60,4920,wholesale,khulna,INV-2025-0854,CUST-0036,monsoon
09/06/2025,BEAR-6301,49,4410,wholesale,dhaka,INV-2025-0855,CUST-0002,monsoon
19/06/2025,BEAR-6301,33,2970,retail,dhaka,INV-2025-0856,CUST-0030,monsoon
08/06/2025,CLUT-PLATE-100,18,4500,wholesale,rajshahi,INV-2025-0857,CUST-0013,monsoon
20/06/2025,CLUT-PLATE-100,1,250,retail,khulna,INV-2025-0858,CUST-0018,monsoon
05/06/2025,CLUT-PLATE-125,5,1450,wholesale,chittagong,INV-2025-0859,CUST-0015,monsoon
17/06/2025,CLUT-PLATE-125,10,2900,wholesale,rajshahi,INV-2025-0860,CUST-0019,monsoon
23/06/2025,CLUT-PLATE-125,1,290,wholesale,dhaka,INV-2025-0861,CUST-0030,monsoon
09/06/2025,ENGN-OIL-10W30,14,4480,retail,rajshahi,INV-2025-0862,CUST-0012,monsoon
14/06/2025,ENGN-OIL-10W30,35,11200,retail,chittagong,INV-2025-0863,CUST-0023,monsoon
22/06/2025,ENGN-OIL-10W30,28,8960,retail,rajshahi,INV-2025-0864,CUST-0044,monsoon
04/06/2025,ENGN-OIL-20W40,16,5600,online,rajshahi,INV-2025-0865,CUST-0011,monsoon
10/06/2025,ENGN-OIL-20W40,10,3500,retail,barishal,INV-2025-0866,CUST-0041,monsoon
15/06/2025,ENGN-OIL-20W40,23,8050,retail,dhaka,INV-2025-0867,CUST-0041,monsoon
21/06/2025,ENGN-OIL-20W40,2,700,retail,khulna,INV-2025-0868,CUST-0037,monsoon
26/06/2025,ENGN-OIL-20W40,6,2100,wholesale,dhaka,INV-2025-0869,CUST-0014,monsoon
03/06/2025,FORK-SEAL-100,2,240,retail,sylhet,INV-2025-0870,CUST-0015,monsoon
12/06/2025,FORK-SEAL-100,9,1080,wholesale,sylhet,INV-2025-0871,CUST-0032,monsoon
13/06/2025,FORK-SEAL-100,2,240,wholesale,dhaka,INV-2025-0872,CUST-0024,monsoon
20/06/2025,FORK-SEAL-100,10,1200,retail,chittagong,INV-2025-0873,CUST-0043,monsoon
27/06/2025,FORK-SEAL-100,1,120,retail,khulna,INV-2025-0874,CUST-0023,monsoon
09/06/2025,SHCK-REAR-100,2,1560,online,rajshahi,INV-2025-0875,CUST-0033,monsoon
19/06/2025,SHCK-REAR-100,6,4680,retail,rajshahi,INV-2025-0876,CUST-0005,monsoon
04/06/2025,HEAD-LED-H4,2,1040,retail,dhaka,INV-2025-0877,CUST-0012,monsoon
11/06/2025,HEAD-LED-H4,3,1560,wholesale,khulna,INV-2025-0878,CUST-0005,monsoon
16/06/2025,HEAD-LED-H4,5,2600,online,dhaka,INV-2025-0879,CUST-0028,monsoon
22/06/2025,HEAD-LED-H4,3,1560,wholesale,rangpur,INV-2025-0880,CUST-0001,monsoon
07/06/2025,HEAD-HALO-H4,4,960,online,sylhet,INV-2025-0881,CUST-0032,monsoon
14/06/2025,HEAD-HALO-H4,4,960,retail,dhaka,INV-2025-0882,CUST-0045,monsoon
20/06/2025,HEAD-HALO-H4,4,960,wholesale,chittagong,INV-2025-0883,CUST-0049,monsoon
22/06/2025,HEAD-HALO-H4,7,1680,retail,chittagong,INV-2025-0884,CUST-0045,monsoon
07/06/2025,TAIL-UNIV-A,9,1755,retail,chittagong,INV-2025-0885,CUST-0047,monsoon
10/06/2025,TAIL-UNIV-A,6,1170,wholesale,khulna,INV-2025-0886,CUST-0007,monsoon
19/06/2025,TAIL-UNIV-A,9,1755,wholesale,chittagong,INV-2025-0887,CUST-0016,monsoon
24/06/2025,TAIL-UNIV-A,3,585,retail,sylhet,INV-2025-0888,CUST-0021,monsoon
07/06/2025,MIRR-ROUND-10,6,468,wholesale,chittagong,INV-2025-0889,CUST-0025,monsoon
11/06/2025,MIRR-ROUND-10,13,1014,wholesale,khulna,INV-2025-0890,CUST-0047,monsoon
13/06/2025,MIRR-ROUND-10,1,78,wholesale,dhaka,INV-2025-0891,CUST-0045,monsoon
22/06/2025,MIRR-ROUND-10,4,312,retail,chittagong,INV-2025-0892,CUST-0029,monsoon
24/06/2025,MIRR-ROUND-10,26,2028,retail,dhaka,INV-2025-0893,CUST-0019,monsoon
03/06/2025,HDLB-RAISED-22,1,290,retail,dhaka,INV-2025-0894,CUST-0044,monsoon
11/06/2025,HDLB-RAISED-22,1,290,retail,chittagong,INV-2025-0895,CUST-0046,monsoon
14/06/2025,HDLB-RAISED-22,5,1450,wholesale,chittagong,INV-2025-0896,CUST-0008,monsoon
21/06/2025,HDLB-RAISED-22,1,290,retail,dhaka,INV-2025-0897,CUST-0048,monsoon
23/06/2025,HDLB-RAISED-22,3,870,wholesale,mymensingh,INV-2025-0898,CUST-0002,monsoon
06/06/2025,SEAT-COMM-100,3,1050,retail,chittagong,INV-2025-0899,CUST-0036,monsoon
14/06/2025,SEAT-COMM-100,1,350,retail,rajshahi,INV-2025-0900,CUST-0006,monsoon
16/06/2025,SEAT-COMM-100,2,700,online,dhaka,INV-2025-0901,CUST-0023,monsoon
25/06/2025,SEAT-COMM-100,3,1050,wholesale,chittagong,INV-2025-0902,CUST-0016,monsoon
06/06/2025,TANK-FUEL-10L,1,1550,retail,dhaka,INV-2025-0903,CUST-0005,monsoon
16/06/2025,TANK-FUEL-10L,1,1550,wholesale,mymensingh,INV-2025-0904,CUST-0038,monsoon
24/06/2025,TANK-FUEL-10L,2,3100,wholesale,chittagong,INV-2025-0905,CUST-0015,monsoon
04/06/2025,EXHS-BAJ-100,1,720,retail,chittagong,INV-2025-0906,CUST-0009,monsoon
14/06/2025,EXHS-BAJ-100,5,3600,retail,dhaka,INV-2025-0907,CUST-0031,monsoon
18/06/2025,EXHS-BAJ-100,1,720,retail,khulna,INV-2025-0908,CUST-0031,monsoon
26/06/2025,EXHS-BAJ-100,1,720,retail,chittagong,INV-2025-0909,CUST-0012,monsoon
12/06/2025,CARB-KEI-VM17,2,2400,retail,khulna,INV-2025-0910,CUST-0033,monsoon
19/06/2025,CARB-KEI-VM17,2,2400,retail,mymensingh,INV-2025-0911,CUST-0011,monsoon
06/07/2025,PIST-BAJ-100,15,8700,wholesale,dhaka,INV-2025-0912,CUST-0024,monsoon
08/07/2025,PIST-BAJ-100,7,4060,wholesale,dhaka,INV-2025-0913,CUST-0015,monsoon
15/07/2025,PIST-BAJ-100,4,2320,retail,rajshahi,INV-2025-0914,CUST-0040,monsoon
21/07/2025,PIST-BAJ-100,5,2900,wholesale,rangpur,INV-2025-0915,CUST-0027,monsoon
23/07/2025,PIST-BAJ-100,1,580,wholesale,sylhet,INV-2025-0916,CUST-0011,monsoon
05/07/2025,PIST-BAJ-150,5,4100,retail,dhaka,INV-2025-0917,CUST-0022,monsoon
10/07/2025,PIST-BAJ-150,1,820,wholesale,dhaka,INV-2025-0918,CUST-0021,monsoon
18/07/2025,PIST-BAJ-150,7,5740,online,barishal,INV-2025-0919,CUST-0031,monsoon
24/07/2025,PIST-BAJ-150,5,4100,retail,chittagong,INV-2025-0920,CUST-0045,monsoon
07/07/2025,PIST-HERO-100,21,10710,retail,sylhet,INV-2025-0921,CUST-0041,monsoon
17/07/2025,PIST-HERO-100,4,2040,retail,dhaka,INV-2025-0922,CUST-0019,monsoon
25/07/2025,PIST-HERO-100,22,11220,retail,chittagong,INV-2025-0923,CUST-0021,monsoon
09/07/2025,PIST-HONDA-125,7,4480,retail,dhaka,INV-2025-0924,CUST-0043,monsoon
16/07/2025,PIST-HONDA-125,6,3840,wholesale,dhaka,INV-2025-0925,CUST-0009,monsoon
23/07/2025,PIST-HONDA-125,17,10880,wholesale,khulna,INV-2025-0926,CUST-0013,monsoon
08/07/2025,GASK-BAJ-100,21,5040,retail,sylhet,INV-2025-0927,CUST-0041,monsoon
11/07/2025,GASK-BAJ-100,16,3840,retail,khulna,INV-2025-0928,CUST-0042,monsoon
16/07/2025,GASK-BAJ-100,6,1440,retail,khulna,INV-2025-0929,CUST-0026,monsoon
24/07/2025,GASK-BAJ-100,14,3360,retail,chittagong,INV-2025-0930,CUST-0037,monsoon
04/07/2025,GASK-UNIV-125,3,870,retail,barishal,INV-2025-0931,CUST-0036,monsoon
10/07/2025,GASK-UNIV-125,12,3480,retail,chittagong,INV-2025-0932,CUST-0037,monsoon
17/07/2025,GASK-UNIV-125,5,1450,retail,chittagong,INV-2025-0933,CUST-0028,monsoon
24/07/2025,GASK-UNIV-125,18,5220,retail,sylhet,INV-2025-0934,CUST-0007,monsoon
03/07/2025,CHAIN-428H,2,700,retail,chittagong,INV-2025-0935,CUST-0007,monsoon
08/07/2025,CHAIN-428H,1,350,wholesale,barishal,INV-2025-0936,CUST-0014,monsoon
15/07/2025,CHAIN-428H,1,350,wholesale,dhaka,INV-2025-0937,CUST-0004,monsoon
18/07/2025,CHAIN-428H,5,1750,retail,dhaka,INV-2025-0938,CUST-0040,monsoon
27/07/2025,CHAIN-428H,6,2100,retail,rajshahi,INV-2025-0939,CUST-0016,monsoon
05/07/2025,CHAIN-420,13,2990,retail,chittagong,INV-2025-0940,CUST-0011,monsoon
11/07/2025,CHAIN-420,5,1150,wholesale,dhaka,INV-2025-0941,CUST-0018,monsoon
19/07/2025,CHAIN-420,2,460,retail,khulna,INV-2025-0942,CUST-0016,monsoon
23/07/2025,CHAIN-420,1,230,retail,khulna,INV-2025-0943,CUST-0030,monsoon
07/07/2025,FILT-OIL-100,73,6935,wholesale,khulna,INV-2025-0944,CUST-0029,monsoon
16/07/2025,FILT-OIL-100,22,2090,retail,dhaka,INV-2025-0945,CUST-0006,monsoon
25/07/2025,FILT-OIL-100,1,95,retail,chittagong,INV-2025-0946,CUST-0010,monsoon
06/07/2025,FILT-OIL-125,24,2640,wholesale,dhaka,INV-2025-0947,CUST-0025,monsoon
11/07/2025,FILT-OIL-125,21,2310,wholesale,khulna,INV-2025-0948,CUST-0024,monsoon
17/07/2025,FILT-OIL-125,1,110,retail,dhaka,INV-2025-0949,CUST-0045,monsoon
20/07/2025,FILT-OIL-125,22,2420,retail,sylhet,INV-2025-0950,CUST-0026,monsoon
25/07/2025,FILT-OIL-125,6,660,retail,dhaka,INV-2025-0951,CUST-0026,monsoon
08/07/2025,FILT-AIR-100,21,1722,retail,rajshahi,INV-2025-0952,CUST-0037,monsoon
11/07/2025,FILT-AIR-100,9,738,retail,dhaka,INV-2025-0953,CUST-0032,monsoon
16/07/2025,FILT-AIR-100,20,1640,retail,chittagong,INV-2025-0954,CUST-0028,monsoon
25/07/2025,FILT-AIR-100,22,1804,retail,dhaka,INV-2025-0955,CUST-0015,monsoon
08/07/2025,FILT-AIR-125,13,1170,retail,mymensingh,INV-2025-0956,CUST-0049,monsoon
14/07/2025,FILT-AIR-125,4,360,wholesale,dhaka,INV-2025-0957,CUST-0011,monsoon
17/07/2025,FILT-AIR-125,23,2070,wholesale,dhaka,INV-2025-0958,CUST-0004,monsoon
22/07/2025,FILT-AIR-125,17,1530,wholesale,dhaka,INV-2025-0959,CUST-0017,monsoon
07/07/2025,BRKE-PAD-DISC,3,525,online,dhaka,INV-2025-0960,CUST-0040,monsoon
12/07/2025,BRKE-PAD-DISC,8,1400,wholesale,dhaka,INV-2025-0961,CUST-0048,monsoon
17/07/2025,BRKE-PAD-DISC,16,2800,wholesale,dhaka,INV-2025-0962,CUST-0028,monsoon
26/07/2025,BRKE-PAD-DISC,3,525,retail,barishal,INV-2025-0963,CUST-0013,monsoon
09/07/2025,BRKE-PAD-DRUM,18,2430,retail,dhaka,INV-2025-0964,CUST-0049,monsoon
22/07/2025,BRKE-PAD-DRUM,26,3510,retail,dhaka,INV-2025-0965,CUST-0035,monsoon
07/07/2025,TIRE-100-18,6,6600,online,chittagong,INV-2025-0966,CUST-0026,monsoon
17/07/2025,TIRE-100-18,3,3300,retail,dhaka,INV-2025-0967,CUST-0010,monsoon
21/07/2025,TIRE-100-18,1,1100,retail,khulna,INV-2025-0968,CUST-0039,monsoon
08/07/2025,TIRE-100-17,3,2940,retail,dhaka,INV-2025-0969,CUST-0034,monsoon
10/07/2025,TIRE-100-17,2,1960,wholesale,rajshahi,INV-2025-0970,CUST-0026,monsoon
16/07/2025,TIRE-100-17,4,3920,wholesale,chittagong,INV-2025-0971,CUST-0034,monsoon
25/07/2025,TIRE-100-17,4,3920,wholesale,chittagong,INV-2025-0972,CUST-0034,monsoon
03/07/2025,TIRE-125-18,2,2700,retail,khulna,INV-2025-0973,CUST-0027,monsoon
09/07/2025,TIRE-125-18,1,1350,retail,dhaka,INV-2025-0974,CUST-0002,monsoon
13/07/2025,TIRE-125-18,1,1350,retail,dhaka,INV-2025-0975,CUST-0002,monsoon
22/07/2025,TIRE-125-18,1,1350,wholesale,dhaka,INV-2025-0976,CUST-0049,monsoon
25/07/2025,TIRE-125-18,1,1350,online,dhaka,INV-2025-0977,CUST-0049,monsoon
07/07/2025,BATT-12V7A,3,4500,retail,dhaka,INV-2025-0978,CUST-0009,monsoon
13/07/2025,BATT-12V7A,1,1500,retail,chittagong,INV-2025-0979,CUST-0010,monsoon
19/07/2025,BATT-12V7A,5,7500,online,barishal,INV-2025-0980,CUST-0019,monsoon
25/07/2025,BATT-12V7A,6,9000,retail,dhaka,INV-2025-0981,CUST-0025,monsoon
03/07/2025,BATT-12V9A,1,1750,retail,barishal,INV-2025-0982,CUST-0007,monsoon
10/07/2025,BATT-12V9A,2,3500,wholesale,dhaka,INV-2025-0983,CUST-0018,monsoon
15/07/2025,BATT-12V9A,5,8750,wholesale,dhaka,INV-2025-0984,CUST-0041,monsoon
19/07/2025,BATT-12V9A,1,1750,retail,chittagong,INV-2025-0985,CUST-0026,monsoon
25/07/2025,BATT-12V9A,1,1750,wholesale,dhaka,INV-2025-0986,CUST-0023,monsoon
07/07/2025,SPRK-NGK-C4HSA,17,2210,wholesale,sylhet,INV-2025-0987,CUST-0048,monsoon
13/07/2025,SPRK-NGK-C4HSA,36,4680,retail,chittagong,INV-2025-0988,CUST-0010,monsoon
20/07/2025,SPRK-NGK-C4HSA,27,3510,retail,rangpur,INV-2025-0989,CUST-0043,monsoon
22/07/2025,SPRK-NGK-C4HSA,40,5200,wholesale,rajshahi,INV-2025-0990,CUST-0041,monsoon
07/07/2025,SPRK-NGK-BPR6ES,35,5075,retail,dhaka,INV-2025-0991,CUST-0009,monsoon
16/07/2025,SPRK-NGK-BPR6ES,9,1305,wholesale,dhaka,INV-2025-0992,CUST-0027,monsoon
22/07/2025,SPRK-NGK-BPR6ES,28,4060,online,rajshahi,INV-2025-0993,CUST-0028,monsoon
06/07/2025,CABL-CLUTCH-100,12,1500,online,chittagong,INV-2025-0994,CUST-0044,monsoon
13/07/2025,CABL-CLUTCH-100,2,250,retail,chittagong,INV-2025-0995,CUST-0030,monsoon
16/07/2025,CABL-CLUTCH-100,11,1375,retail,khulna,INV-2025-0996,CUST-0047,monsoon
23/07/2025,CABL-CLUTCH-100,2,250,online,mymensingh,INV-2025-0997,CUST-0017,monsoon
08/07/2025,CABL-THROT-100,11,1188,retail,rajshahi,INV-2025-0998,CUST-0002,monsoon
14/07/2025,CABL-THROT-100,6,648,retail,chittagong,INV-2025-0999,CUST-0033,monsoon
18/07/2025,CABL-THROT-100,3,324,online,dhaka,INV-2025-1000,CUST-0026,monsoon
26/07/2025,CABL-THROT-100,12,1296,wholesale,dhaka,INV-2025-1001,CUST-0017,monsoon
08/07/2025,CABL-SPED-100,6,570,wholesale,sylhet,INV-2025-1002,CUST-0027,monsoon
14/07/2025,CABL-SPED-100,10,950,retail,rajshahi,INV-2025-1003,CUST-0022,monsoon
21/07/2025,CABL-SPED-100,3,285,retail,dhaka,INV-2025-1004,CUST-0040,monsoon
08/07/2025,BEAR-6201,63,4725,retail,chittagong,INV-2025-1005,CUST-0027,monsoon
21/07/2025,BEAR-6201,75,5625,retail,chittagong,INV-2025-1006,CUST-0024,monsoon
08/07/2025,BEAR-6202,21,1722,wholesale,chittagong,INV-2025-1007,CUST-0019,monsoon
17/07/2025,BEAR-6202,42,3444,wholesale,dhaka,INV-2025-1008,CUST-0022,monsoon
22/07/2025,BEAR-6202,39,3198,retail,dhaka,INV-2025-1009,CUST-0025,monsoon
08/07/2025,BEAR-6301,8,720,retail,chittagong,INV-2025-1010,CUST-0006,monsoon
19/07/2025,BEAR-6301,77,6930,wholesale,rangpur,INV-2025-1011,CUST-0045,monsoon
10/07/2025,CLUT-PLATE-100,1,250,online,sylhet,INV-2025-1012,CUST-0045,monsoon
20/07/2025,CLUT-PLATE-100,18,4500,wholesale,dhaka,INV-2025-1013,CUST-0003,monsoon
05/07/2025,CLUT-PLATE-125,1,290,wholesale,dhaka,INV-2025-1014,CUST-0040,monsoon
11/07/2025,CLUT-PLATE-125,1,290,retail,khulna,INV-2025-1015,CUST-0040,monsoon
19/07/2025,CLUT-PLATE-125,3,870,retail,dhaka,INV-2025-1016,CUST-0039,monsoon
25/07/2025,CLUT-PLATE-125,6,1740,retail,khulna,INV-2025-1017,CUST-0050,monsoon
10/07/2025,ENGN-OIL-10W30,45,14400,retail,dhaka,INV-2025-1018,CUST-0011,monsoon
18/07/2025,ENGN-OIL-10W30,20,6400,wholesale,sylhet,INV-2025-1019,CUST-0023,monsoon
05/07/2025,ENGN-OIL-20W40,7,2450,retail,dhaka,INV-2025-1020,CUST-0010,monsoon
12/07/2025,ENGN-OIL-20W40,17,5950,retail,dhaka,INV-2025-1021,CUST-0008,monsoon
18/07/2025,ENGN-OIL-20W40,9,3150,online,dhaka,INV-2025-1022,CUST-0009,monsoon
23/07/2025,ENGN-OIL-20W40,19,6650,retail,dhaka,INV-2025-1023,CUST-0050,monsoon
08/07/2025,FORK-SEAL-100,6,720,wholesale,barishal,INV-2025-1024,CUST-0024,monsoon
14/07/2025,FORK-SEAL-100,7,840,retail,dhaka,INV-2025-1025,CUST-0005,monsoon
18/07/2025,FORK-SEAL-100,4,480,wholesale,dhaka,INV-2025-1026,CUST-0017,monsoon
23/07/2025,FORK-SEAL-100,1,120,wholesale,dhaka,INV-2025-1027,CUST-0030,monsoon
05/07/2025,SHCK-REAR-100,1,780,retail,rangpur,INV-2025-1028,CUST-0032,monsoon
12/07/2025,SHCK-REAR-100,1,780,retail,khulna,INV-2025-1029,CUST-0003,monsoon
14/07/2025,SHCK-REAR-100,1,780,retail,barishal,INV-2025-1030,CUST-0039,monsoon
18/07/2025,SHCK-REAR-100,2,1560,retail,chittagong,INV-2025-1031,CUST-0013,monsoon
24/07/2025,SHCK-REAR-100,1,780,retail,rajshahi,INV-2025-1032,CUST-0050,monsoon
08/07/2025,HEAD-LED-H4,3,1560,wholesale,dhaka,INV-2025-1033,CUST-0048,monsoon
11/07/2025,HEAD-LED-H4,4,2080,retail,rajshahi,INV-2025-1034,CUST-0026,monsoon
17/07/2025,HEAD-LED-H4,2,1040,online,barishal,INV-2025-1035,CUST-0040,monsoon
23/07/2025,HEAD-LED-H4,1,520,retail,barishal,INV-2025-1036,CUST-0050,monsoon
12/07/2025,HEAD-HALO-H4,7,1680,wholesale,chittagong,INV-2025-1037,CUST-0003,monsoon
20/07/2025,HEAD-HALO-H4,10,2400,retail,dhaka,INV-2025-1038,CUST-0038,monsoon
11/07/2025,TAIL-UNIV-A,8,1560,online,chittagong,INV-2025-1039,CUST-0038,monsoon
22/07/2025,TAIL-UNIV-A,16,3120,retail,dhaka,INV-2025-1040,CUST-0042,monsoon
05/07/2025,MIRR-ROUND-10,21,1638,online,dhaka,INV-2025-1041,CUST-0029,monsoon
17/07/2025,MIRR-ROUND-10,18,1404,retail,dhaka,INV-2025-1042,CUST-0004,monsoon
22/07/2025,MIRR-ROUND-10,12,936,wholesale,rangpur,INV-2025-1043,CUST-0018,monsoon
07/07/2025,HDLB-RAISED-22,1,290,wholesale,chittagong,INV-2025-1044,CUST-0050,monsoon
08/07/2025,HDLB-RAISED-22,2,580,retail,dhaka,INV-2025-1045,CUST-0025,monsoon
16/07/2025,HDLB-RAISED-22,2,580,retail,chittagong,INV-2025-1046,CUST-0035,monsoon
22/07/2025,HDLB-RAISED-22,2,580,retail,sylhet,INV-2025-1047,CUST-0028,monsoon
24/07/2025,HDLB-RAISED-22,2,580,wholesale,dhaka,INV-2025-1048,CUST-0031,monsoon
07/07/2025,SEAT-COMM-100,4,1400,retail,barishal,INV-2025-1049,CUST-0011,monsoon
16/07/2025,SEAT-COMM-100,2,700,wholesale,dhaka,INV-2025-1050,CUST-0019,monsoon
22/07/2025,SEAT-COMM-100,1,350,wholesale,dhaka,INV-2025-1051,CUST-0036,monsoon
08/07/2025,TANK-FUEL-10L,2,3100,wholesale,dhaka,INV-2025-1052,CUST-0049,monsoon
19/07/2025,TANK-FUEL-10L,1,1550,online,rangpur,INV-2025-1053,CUST-0008,monsoon
04/07/2025,EXHS-BAJ-100,1,720,retail,rajshahi,INV-2025-1054,CUST-0006,monsoon
13/07/2025,EXHS-BAJ-100,2,1440,retail,dhaka,INV-2025-1055,CUST-0013,monsoon
20/07/2025,EXHS-BAJ-100,2,1440,retail,chittagong,INV-2025-1056,CUST-0002,monsoon
24/07/2025,EXHS-BAJ-100,1,720,wholesale,barishal,INV-2025-1057,CUST-0050,monsoon
12/07/2025,CARB-KEI-VM17,1,1200,online,dhaka,INV-2025-1058,CUST-0049,monsoon
22/07/2025,CARB-KEI-VM17,2,2400,retail,sylhet,INV-2025-1059,CUST-0025,monsoon
06/08/2025,PIST-BAJ-100,2,1160,retail,chittagong,INV-2025-1060,CUST-0021,monsoon
12/08/2025,PIST-BAJ-100,11,6380,retail,sylhet,INV-2025-1061,CUST-0003,monsoon
13/08/2025,PIST-BAJ-100,17,9860,retail,dhaka,INV-2025-1062,CUST-0037,monsoon
19/08/2025,PIST-BAJ-100,5,2900,online,dhaka,INV-2025-1063,CUST-0024,monsoon
26/08/2025,PIST-BAJ-100,4,2320,retail,sylhet,INV-2025-1064,CUST-0001,monsoon
04/08/2025,PIST-BAJ-150,1,820,retail,rajshahi,INV-2025-1065,CUST-0040,monsoon
11/08/2025,PIST-BAJ-150,9,7380,wholesale,khulna,INV-2025-1066,CUST-0041,monsoon
16/08/2025,PIST-BAJ-150,6,4920,retail,dhaka,INV-2025-1067,CUST-0028,monsoon
22/08/2025,PIST-BAJ-150,6,4920,online,dhaka,INV-2025-1068,CUST-0004,monsoon
27/08/2025,PIST-BAJ-150,1,820,wholesale,rangpur,INV-2025-1069,CUST-0009,monsoon
03/08/2025,PIST-HERO-100,12,6120,online,dhaka,INV-2025-1070,CUST-0021,monsoon
11/08/2025,PIST-HERO-100,3,1530,retail,dhaka,INV-2025-1071,CUST-0009,monsoon
15/08/2025,PIST-HERO-100,11,5610,wholesale,rangpur,INV-2025-1072,CUST-0007,monsoon
20/08/2025,PIST-HERO-100,12,6120,retail,dhaka,INV-2025-1073,CUST-0017,monsoon
26/08/2025,PIST-HERO-100,12,6120,retail,rajshahi,INV-2025-1074,CUST-0008,monsoon
07/08/2025,PIST-HONDA-125,20,12800,retail,barishal,INV-2025-1075,CUST-0046,monsoon
17/08/2025,PIST-HONDA-125,3,1920,wholesale,chittagong,INV-2025-1076,CUST-0045,monsoon
25/08/2025,PIST-HONDA-125,2,1280,online,chittagong,INV-2025-1077,CUST-0043,monsoon
05/08/2025,GASK-BAJ-100,14,3360,wholesale,rangpur,INV-2025-1078,CUST-0007,monsoon
08/08/2025,GASK-BAJ-100,1,240,retail,barishal,INV-2025-1079,CUST-0024,monsoon
14/08/2025,GASK-BAJ-100,17,4080,retail,chittagong,INV-2025-1080,CUST-0011,monsoon
18/08/2025,GASK-BAJ-100,8,1920,wholesale,chittagong,INV-2025-1081,CUST-0016,monsoon
23/08/2025,GASK-BAJ-100,12,2880,retail,dhaka,INV-2025-1082,CUST-0042,monsoon
09/08/2025,GASK-UNIV-125,44,12760,online,dhaka,INV-2025-1083,CUST-0044,monsoon
19/08/2025,GASK-UNIV-125,1,290,online,chittagong,INV-2025-1084,CUST-0001,monsoon
05/08/2025,CHAIN-428H,4,1400,retail,sylhet,INV-2025-1085,CUST-0034,monsoon
10/08/2025,CHAIN-428H,5,1750,retail,dhaka,INV-2025-1086,CUST-0038,monsoon
19/08/2025,CHAIN-428H,5,1750,wholesale,chittagong,INV-2025-1087,CUST-0018,monsoon
23/08/2025,CHAIN-428H,3,1050,online,dhaka,INV-2025-1088,CUST-0008,monsoon
05/08/2025,CHAIN-420,6,1380,wholesale,dhaka,INV-2025-1089,CUST-0008,monsoon
12/08/2025,CHAIN-420,5,1150,retail,rangpur,INV-2025-1090,CUST-0046,monsoon
17/08/2025,CHAIN-420,10,2300,online,dhaka,INV-2025-1091,CUST-0048,monsoon
26/08/2025,CHAIN-420,4,920,retail,dhaka,INV-2025-1092,CUST-0026,monsoon
06/08/2025,FILT-OIL-100,60,5700,retail,chittagong,INV-2025-1093,CUST-0029,monsoon
13/08/2025,FILT-OIL-100,24,2280,wholesale,dhaka,INV-2025-1094,CUST-0008,monsoon
21/08/2025,FILT-OIL-100,1,95,retail,khulna,INV-2025-1095,CUST-0027,monsoon
06/08/2025,FILT-OIL-125,21,2310,retail,chittagong,INV-2025-1096,CUST-0004,monsoon
11/08/2025,FILT-OIL-125,9,990,retail,dhaka,INV-2025-1097,CUST-0011,monsoon
17/08/2025,FILT-OIL-125,29,3190,online,dhaka,INV-2025-1098,CUST-0004,monsoon
25/08/2025,FILT-OIL-125,10,1100,wholesale,rajshahi,INV-2025-1099,CUST-0014,monsoon
08/08/2025,FILT-AIR-100,13,1066,wholesale,dhaka,INV-2025-1100,CUST-0029,monsoon
10/08/2025,FILT-AIR-100,25,2050,online,dhaka,INV-2025-1101,CUST-0031,monsoon
20/08/2025,FILT-AIR-100,38,3116,retail,rangpur,INV-2025-1102,CUST-0031,monsoon
25/08/2025,FILT-AIR-100,1,82,online,dhaka,INV-2025-1103,CUST-0002,monsoon
05/08/2025,FILT-AIR-125,10,900,wholesale,dhaka,INV-2025-1104,CUST-0020,monsoon
10/08/2025,FILT-AIR-125,25,2250,retail,rajshahi,INV-2025-1105,CUST-0037,monsoon
17/08/2025,FILT-AIR-125,14,1260,retail,rangpur,INV-2025-1106,CUST-0019,monsoon
20/08/2025,FILT-AIR-125,16,1440,retail,dhaka,INV-2025-1107,CUST-0043,monsoon
23/08/2025,FILT-AIR-125,4,360,online,rangpur,INV-2025-1108,CUST-0037,monsoon
07/08/2025,BRKE-PAD-DISC,13,2275,retail,chittagong,INV-2025-1109,CUST-0013,monsoon
17/08/2025,BRKE-PAD-DISC,21,3675,wholesale,dhaka,INV-2025-1110,CUST-0047,monsoon
24/08/2025,BRKE-PAD-DISC,1,175,retail,rajshahi,INV-2025-1111,CUST-0018,monsoon
07/08/2025,BRKE-PAD-DRUM,10,1350,retail,khulna,INV-2025-1112,CUST-0049,monsoon
09/08/2025,BRKE-PAD-DRUM,15,2025,retail,dhaka,INV-2025-1113,CUST-0015,monsoon
14/08/2025,BRKE-PAD-DRUM,9,1215,wholesale,chittagong,INV-2025-1114,CUST-0045,monsoon
20/08/2025,BRKE-PAD-DRUM,5,675,wholesale,dhaka,INV-2025-1115,CUST-0009,monsoon
23/08/2025,BRKE-PAD-DRUM,6,810,online,dhaka,INV-2025-1116,CUST-0014,monsoon
12/08/2025,TIRE-100-18,1,1100,retail,rajshahi,INV-2025-1117,CUST-0014,monsoon
21/08/2025,TIRE-100-18,8,8800,retail,dhaka,INV-2025-1118,CUST-0017,monsoon
04/08/2025,TIRE-100-17,1,980,wholesale,rajshahi,INV-2025-1119,CUST-0041,monsoon
12/08/2025,TIRE-100-17,2,1960,retail,rangpur,INV-2025-1120,CUST-0031,monsoon
13/08/2025,TIRE-100-17,3,2940,wholesale,sylhet,INV-2025-1121,CUST-0043,monsoon
18/08/2025,TIRE-100-17,3,2940,wholesale,rajshahi,INV-2025-1122,CUST-0032,monsoon
25/08/2025,TIRE-100-17,1,980,retail,khulna,INV-2025-1123,CUST-0027,monsoon
12/08/2025,TIRE-125-18,1,1350,wholesale,dhaka,INV-2025-1124,CUST-0023,monsoon
20/08/2025,TIRE-125-18,6,8100,wholesale,rajshahi,INV-2025-1125,CUST-0011,monsoon
10/08/2025,BATT-12V7A,8,12000,retail,dhaka,INV-2025-1126,CUST-0048,monsoon
19/08/2025,BATT-12V7A,4,6000,retail,dhaka,INV-2025-1127,CUST-0014,monsoon
04/08/2025,BATT-12V9A,3,5250,retail,khulna,INV-2025-1128,CUST-0045,monsoon
11/08/2025,BATT-12V9A,4,7000,online,dhaka,INV-2025-1129,CUST-0031,monsoon
18/08/2025,BATT-12V9A,1,1750,retail,dhaka,INV-2025-1130,CUST-0003,monsoon
24/08/2025,BATT-12V9A,1,1750,wholesale,chittagong,INV-2025-1131,CUST-0027,monsoon
06/08/2025,SPRK-NGK-C4HSA,47,6110,wholesale,rajshahi,INV-2025-1132,CUST-0044,monsoon
14/08/2025,SPRK-NGK-C4HSA,34,4420,online,chittagong,INV-2025-1133,CUST-0038,monsoon
23/08/2025,SPRK-NGK-C4HSA,24,3120,online,barishal,INV-2025-1134,CUST-0022,monsoon
06/08/2025,SPRK-NGK-BPR6ES,35,5075,wholesale,dhaka,INV-2025-1135,CUST-0029,monsoon
16/08/2025,SPRK-NGK-BPR6ES,25,3625,retail,dhaka,INV-2025-1136,CUST-0014,monsoon
24/08/2025,SPRK-NGK-BPR6ES,28,4060,wholesale,barishal,INV-2025-1137,CUST-0002,monsoon
04/08/2025,CABL-CLUTCH-100,3,375,wholesale,rajshahi,INV-2025-1138,CUST-0008,monsoon
11/08/2025,CABL-CLUTCH-100,5,625,retail,chittagong,INV-2025-1139,CUST-0042,monsoon
16/08/2025,CABL-CLUTCH-100,9,1125,wholesale,chittagong,INV-2025-1140,CUST-0009,monsoon
23/08/2025,CABL-CLUTCH-100,8,1000,retail,dhaka,INV-2025-1141,CUST-0015,monsoon
05/08/2025,CABL-THROT-100,16,1728,retail,chittagong,INV-2025-1142,CUST-0035,monsoon
14/08/2025,CABL-THROT-100,9,972,retail,dhaka,INV-2025-1143,CUST-0036,monsoon
25/08/2025,CABL-THROT-100,10,1080,retail,dhaka,INV-2025-1144,CUST-0028,monsoon
05/08/2025,CABL-SPED-100,2,190,retail,sylhet,INV-2025-1145,CUST-0047,monsoon
17/08/2025,CABL-SPED-100,11,1045,retail,sylhet,INV-2025-1146,CUST-0049,monsoon
22/08/2025,CABL-SPED-100,9,855,retail,dhaka,INV-2025-1147,CUST-0018,monsoon
04/08/2025,BEAR-6201,3,225,wholesale,rajshahi,INV-2025-1148,CUST-0038,monsoon
10/08/2025,BEAR-6201,53,3975,wholesale,dhaka,INV-2025-1149,CUST-0031,monsoon
18/08/2025,BEAR-6201,54,4050,retail,rangpur,INV-2025-1150,CUST-0035,monsoon
23/08/2025,BEAR-6201,54,4050,retail,sylhet,INV-2025-1151,CUST-0041,monsoon
10/08/2025,BEAR-6202,54,4428,wholesale,sylhet,INV-2025-1152,CUST-0033,monsoon
21/08/2025,BEAR-6202,74,6068,wholesale,sylhet,INV-2025-1153,CUST-0017,monsoon
08/08/2025,BEAR-6301,26,2340,wholesale,dhaka,INV-2025-1154,CUST-0019,monsoon
17/08/2025,BEAR-6301,25,2250,wholesale,chittagong,INV-2025-1155,CUST-0021,monsoon
21/08/2025,BEAR-6301,20,1800,retail,dhaka,INV-2025-1156,CUST-0028,monsoon
09/08/2025,CLUT-PLATE-100,17,4250,retail,dhaka,INV-2025-1157,CUST-0024,monsoon
21/08/2025,CLUT-PLATE-100,1,250,retail,rajshahi,INV-2025-1158,CUST-0010,monsoon
10/08/2025,CLUT-PLATE-125,7,2030,retail,dhaka,INV-2025-1159,CUST-0043,monsoon
22/08/2025,CLUT-PLATE-125,5,1450,retail,dhaka,INV-2025-1160,CUST-0011,monsoon
04/08/2025,ENGN-OIL-10W30,23,7360,retail,chittagong,INV-2025-1161,CUST-0002,monsoon
11/08/2025,ENGN-OIL-10W30,17,5440,wholesale,rajshahi,INV-2025-1162,CUST-0034,monsoon
17/08/2025,ENGN-OIL-10W30,1,320,retail,dhaka,INV-2025-1163,CUST-0018,monsoon
22/08/2025,ENGN-OIL-10W30,15,4800,online,khulna,INV-2025-1164,CUST-0026,monsoon
27/08/2025,ENGN-OIL-10W30,13,4160,wholesale,dhaka,INV-2025-1165,CUST-0036,monsoon
09/08/2025,ENGN-OIL-20W40,14,4900,retail,rangpur,INV-2025-1166,CUST-0016,monsoon
22/08/2025,ENGN-OIL-20W40,39,13650,retail,chittagong,INV-2025-1167,CUST-0049,monsoon
08/08/2025,FORK-SEAL-100,11,1320,wholesale,sylhet,INV-2025-1168,CUST-0019,monsoon
19/08/2025,FORK-SEAL-100,7,840,wholesale,rajshahi,INV-2025-1169,CUST-0042,monsoon
06/08/2025,SHCK-REAR-100,2,1560,online,dhaka,INV-2025-1170,CUST-0017,monsoon
14/08/2025,SHCK-REAR-100,2,1560,online,dhaka,INV-2025-1171,CUST-0025,monsoon
19/08/2025,SHCK-REAR-100,1,780,online,dhaka,INV-2025-1172,CUST-0025,monsoon
23/08/2025,SHCK-REAR-100,2,1560,online,dhaka,INV-2025-1173,CUST-0024,monsoon
10/08/2025,HEAD-LED-H4,2,1040,retail,chittagong,INV-2025-1174,CUST-0013,monsoon
20/08/2025,HEAD-LED-H4,10,5200,online,rangpur,INV-2025-1175,CUST-0002,monsoon
07/08/2025,HEAD-HALO-H4,3,720,wholesale,dhaka,INV-2025-1176,CUST-0033,monsoon
12/08/2025,HEAD-HALO-H4,4,960,wholesale,chittagong,INV-2025-1177,CUST-0018,monsoon
13/08/2025,HEAD-HALO-H4,2,480,online,dhaka,INV-2025-1178,CUST-0030,monsoon
19/08/2025,HEAD-HALO-H4,3,720,wholesale,sylhet,INV-2025-1179,CUST-0044,monsoon
23/08/2025,HEAD-HALO-H4,5,1200,retail,sylhet,INV-2025-1180,CUST-0044,monsoon
06/08/2025,TAIL-UNIV-A,3,585,online,chittagong,INV-2025-1181,CUST-0008,monsoon
11/08/2025,TAIL-UNIV-A,11,2145,retail,dhaka,INV-2025-1182,CUST-0010,monsoon
20/08/2025,TAIL-UNIV-A,2,390,retail,khulna,INV-2025-1183,CUST-0046,monsoon
24/08/2025,TAIL-UNIV-A,9,1755,wholesale,chittagong,INV-2025-1184,CUST-0047,monsoon
09/08/2025,MIRR-ROUND-10,25,1950,wholesale,chittagong,INV-2025-1185,CUST-0013,monsoon
19/08/2025,MIRR-ROUND-10,28,2184,retail,chittagong,INV-2025-1186,CUST-0042,monsoon
05/08/2025,HDLB-RAISED-22,1,290,online,chittagong,INV-2025-1187,CUST-0025,monsoon
17/08/2025,HDLB-RAISED-22,8,2320,online,dhaka,INV-2025-1188,CUST-0027,monsoon
25/08/2025,HDLB-RAISED-22,1,290,wholesale,rajshahi,INV-2025-1189,CUST-0034,monsoon
08/08/2025,SEAT-COMM-100,7,2450,retail,chittagong,INV-2025-1190,CUST-0027,monsoon
18/08/2025,SEAT-COMM-100,2,700,retail,dhaka,INV-2025-1191,CUST-0039,monsoon
11/08/2025,TANK-FUEL-10L,1,1550,retail,dhaka,INV-2025-1192,CUST-0039,monsoon
21/08/2025,TANK-FUEL-10L,2,3100,wholesale,dhaka,INV-2025-1193,CUST-0027,monsoon
05/08/2025,EXHS-BAJ-100,1,720,retail,dhaka,INV-2025-1194,CUST-0034,monsoon
15/08/2025,EXHS-BAJ-100,3,2160,wholesale,sylhet,INV-2025-1195,CUST-0007,monsoon
25/08/2025,EXHS-BAJ-100,2,1440,retail,chittagong,INV-2025-1196,CUST-0026,monsoon
05/08/2025,CARB-KEI-VM17,1,1200,retail,sylhet,INV-2025-1197,CUST-0016,monsoon
11/08/2025,CARB-KEI-VM17,1,1200,retail,chittagong,INV-2025-1198,CUST-0027,monsoon
17/08/2025,CARB-KEI-VM17,1,1200,retail,dhaka,INV-2025-1199,CUST-0003,monsoon
26/08/2025,CARB-KEI-VM17,1,1200,online,sylhet,INV-2025-1200,CUST-0019,monsoon
06/09/2025,PIST-BAJ-100,15,8700,retail,chittagong,INV-2025-1201,CUST-0048,monsoon
11/09/2025,PIST-BAJ-100,1,580,wholesale,dhaka,INV-2025-1202,CUST-0002,monsoon
16/09/2025,PIST-BAJ-100,6,3480,online,rangpur,INV-2025-1203,CUST-0004,monsoon
21/09/2025,PIST-BAJ-100,1,580,retail,chittagong,INV-2025-1204,CUST-0025,monsoon
23/09/2025,PIST-BAJ-100,12,6960,wholesale,dhaka,INV-2025-1205,CUST-0049,monsoon
06/09/2025,PIST-BAJ-150,7,5740,retail,rajshahi,INV-2025-1206,CUST-0022,monsoon
13/09/2025,PIST-BAJ-150,1,820,wholesale,dhaka,INV-2025-1207,CUST-0033,monsoon
21/09/2025,PIST-BAJ-150,10,8200,retail,chittagong,INV-2025-1208,CUST-0007,monsoon
05/09/2025,PIST-HERO-100,6,3060,retail,barishal,INV-2025-1209,CUST-0034,monsoon
08/09/2025,PIST-HERO-100,8,4080,wholesale,mymensingh,INV-2025-1210,CUST-0022,monsoon
13/09/2025,PIST-HERO-100,14,7140,retail,dhaka,INV-2025-1211,CUST-0043,monsoon
19/09/2025,PIST-HERO-100,9,4590,wholesale,barishal,INV-2025-1212,CUST-0034,monsoon
25/09/2025,PIST-HERO-100,14,7140,retail,dhaka,INV-2025-1213,CUST-0015,monsoon
11/09/2025,PIST-HONDA-125,2,1280,retail,sylhet,INV-2025-1214,CUST-0024,monsoon
18/09/2025,PIST-HONDA-125,29,18560,wholesale,mymensingh,INV-2025-1215,CUST-0005,monsoon
06/09/2025,GASK-BAJ-100,14,3360,wholesale,rajshahi,INV-2025-1216,CUST-0040,monsoon
14/09/2025,GASK-BAJ-100,23,5520,retail,rangpur,INV-2025-1217,CUST-0040,monsoon
17/09/2025,GASK-BAJ-100,18,4320,retail,chittagong,INV-2025-1218,CUST-0050,monsoon
25/09/2025,GASK-BAJ-100,11,2640,wholesale,sylhet,INV-2025-1219,CUST-0042,monsoon
07/09/2025,GASK-UNIV-125,2,580,retail,dhaka,INV-2025-1220,CUST-0033,monsoon
09/09/2025,GASK-UNIV-125,11,3190,wholesale,barishal,INV-2025-1221,CUST-0013,monsoon
14/09/2025,GASK-UNIV-125,3,870,online,rangpur,INV-2025-1222,CUST-0007,monsoon
20/09/2025,GASK-UNIV-125,16,4640,wholesale,dhaka,INV-2025-1223,CUST-0015,monsoon
27/09/2025,GASK-UNIV-125,12,3480,retail,dhaka,INV-2025-1224,CUST-0028,monsoon
12/09/2025,CHAIN-428H,6,2100,wholesale,dhaka,INV-2025-1225,CUST-0030,monsoon
21/09/2025,CHAIN-428H,11,3850,online,rajshahi,INV-2025-1226,CUST-0002,monsoon
06/09/2025,CHAIN-420,10,2300,wholesale,dhaka,INV-2025-1227,CUST-0039,monsoon
17/09/2025,CHAIN-420,4,920,wholesale,barishal,INV-2025-1228,CUST-0034,monsoon
24/09/2025,CHAIN-420,13,2990,online,dhaka,INV-2025-1229,CUST-0049,monsoon
04/09/2025,FILT-OIL-100,20,1900,retail,chittagong,INV-2025-1230,CUST-0010,monsoon
11/09/2025,FILT-OIL-100,22,2090,wholesale,chittagong,INV-2025-1231,CUST-0035,monsoon
20/09/2025,FILT-OIL-100,24,2280,retail,sylhet,INV-2025-1232,CUST-0018,monsoon
26/09/2025,FILT-OIL-100,22,2090,wholesale,dhaka,INV-2025-1233,CUST-0037,monsoon
03/09/2025,FILT-OIL-125,15,1650,online,chittagong,INV-2025-1234,CUST-0049,monsoon
09/09/2025,FILT-OIL-125,22,2420,wholesale,dhaka,INV-2025-1235,CUST-0050,monsoon
14/09/2025,FILT-OIL-125,5,550,wholesale,dhaka,INV-2025-1236,CUST-0016,monsoon
22/09/2025,FILT-OIL-125,13,1430,wholesale,chittagong,INV-2025-1237,CUST-0033,monsoon
25/09/2025,FILT-OIL-125,19,2090,online,dhaka,INV-2025-1238,CUST-0002,monsoon
09/09/2025,FILT-AIR-100,63,5166,online,dhaka,INV-2025-1239,CUST-0005,monsoon
16/09/2025,FILT-AIR-100,30,2460,retail,mymensingh,INV-2025-1240,CUST-0049,monsoon
24/09/2025,FILT-AIR-100,1,82,retail,dhaka,INV-2025-1241,CUST-0006,monsoon
08/09/2025,FILT-AIR-125,23,2070,wholesale,dhaka,INV-2025-1242,CUST-0005,monsoon
10/09/2025,FILT-AIR-125,23,2070,retail,khulna,INV-2025-1243,CUST-0030,monsoon
20/09/2025,FILT-AIR-125,1,90,retail,chittagong,INV-2025-1244,CUST-0041,monsoon
24/09/2025,FILT-AIR-125,25,2250,online,chittagong,INV-2025-1245,CUST-0029,monsoon
05/09/2025,BRKE-PAD-DISC,2,350,retail,chittagong,INV-2025-1246,CUST-0011,monsoon
16/09/2025,BRKE-PAD-DISC,12,2100,online,dhaka,INV-2025-1247,CUST-0009,monsoon
23/09/2025,BRKE-PAD-DISC,22,3850,wholesale,rajshahi,INV-2025-1248,CUST-0027,monsoon
08/09/2025,BRKE-PAD-DRUM,17,2295,online,barishal,INV-2025-1249,CUST-0037,monsoon
16/09/2025,BRKE-PAD-DRUM,28,3780,wholesale,sylhet,INV-2025-1250,CUST-0050,monsoon
23/09/2025,BRKE-PAD-DRUM,5,675,retail,rajshahi,INV-2025-1251,CUST-0034,monsoon
05/09/2025,TIRE-100-18,1,1100,online,dhaka,INV-2025-1252,CUST-0026,monsoon
12/09/2025,TIRE-100-18,3,3300,wholesale,dhaka,INV-2025-1253,CUST-0006,monsoon
18/09/2025,TIRE-100-18,3,3300,retail,chittagong,INV-2025-1254,CUST-0011,monsoon
23/09/2025,TIRE-100-18,4,4400,retail,sylhet,INV-2025-1255,CUST-0011,monsoon
12/09/2025,TIRE-100-17,4,3920,retail,dhaka,INV-2025-1256,CUST-0037,monsoon
20/09/2025,TIRE-100-17,7,6860,retail,mymensingh,INV-2025-1257,CUST-0013,monsoon
10/09/2025,TIRE-125-18,4,5400,wholesale,chittagong,INV-2025-1258,CUST-0011,monsoon
20/09/2025,TIRE-125-18,2,2700,retail,khulna,INV-2025-1259,CUST-0010,monsoon
05/09/2025,BATT-12V7A,4,6000,retail,khulna,INV-2025-1260,CUST-0035,monsoon
13/09/2025,BATT-12V7A,9,13500,retail,dhaka,INV-2025-1261,CUST-0030,monsoon
17/09/2025,BATT-12V7A,1,1500,retail,rajshahi,INV-2025-1262,CUST-0033,monsoon
24/09/2025,BATT-12V7A,3,4500,retail,dhaka,INV-2025-1263,CUST-0001,monsoon
12/09/2025,BATT-12V9A,5,8750,retail,khulna,INV-2025-1264,CUST-0013,monsoon
22/09/2025,BATT-12V9A,6,10500,online,dhaka,INV-2025-1265,CUST-0027,monsoon
07/09/2025,SPRK-NGK-C4HSA,33,4290,wholesale,khulna,INV-2025-1266,CUST-0012,monsoon
11/09/2025,SPRK-NGK-C4HSA,23,2990,online,chittagong,INV-2025-1267,CUST-0027,monsoon
20/09/2025,SPRK-NGK-C4HSA,33,4290,retail,dhaka,INV-2025-1268,CUST-0049,monsoon
23/09/2025,SPRK-NGK-C4HSA,27,3510,wholesale,chittagong,INV-2025-1269,CUST-0032,monsoon
06/09/2025,SPRK-NGK-BPR6ES,19,2755,retail,khulna,INV-2025-1270,CUST-0049,monsoon
09/09/2025,SPRK-NGK-BPR6ES,43,6235,wholesale,dhaka,INV-2025-1271,CUST-0006,monsoon
16/09/2025,SPRK-NGK-BPR6ES,6,870,retail,sylhet,INV-2025-1272,CUST-0015,monsoon
22/09/2025,SPRK-NGK-BPR6ES,22,3190,retail,sylhet,INV-2025-1273,CUST-0011,monsoon
24/09/2025,SPRK-NGK-BPR6ES,3,435,retail,dhaka,INV-2025-1274,CUST-0043,monsoon
04/09/2025,CABL-CLUTCH-100,12,1500,retail,mymensingh,INV-2025-1275,CUST-0037,monsoon
14/09/2025,CABL-CLUTCH-100,9,1125,retail,dhaka,INV-2025-1276,CUST-0039,monsoon
17/09/2025,CABL-CLUTCH-100,2,250,wholesale,rangpur,INV-2025-1277,CUST-0035,monsoon
22/09/2025,CABL-CLUTCH-100,6,750,retail,rajshahi,INV-2025-1278,CUST-0028,monsoon
04/09/2025,CABL-THROT-100,10,1080,retail,sylhet,INV-2025-1279,CUST-0035,monsoon
12/09/2025,CABL-THROT-100,11,1188,wholesale,chittagong,INV-2025-1280,CUST-0046,monsoon
16/09/2025,CABL-THROT-100,13,1404,wholesale,sylhet,INV-2025-1281,CUST-0019,monsoon
26/09/2025,CABL-THROT-100,2,216,retail,sylhet,INV-2025-1282,CUST-0039,monsoon
11/09/2025,CABL-SPED-100,16,1520,online,chittagong,INV-2025-1283,CUST-0049,monsoon
22/09/2025,CABL-SPED-100,7,665,wholesale,barishal,INV-2025-1284,CUST-0029,monsoon
08/09/2025,BEAR-6201,26,1950,wholesale,rajshahi,INV-2025-1285,CUST-0002,monsoon
14/09/2025,BEAR-6201,60,4500,retail,rangpur,INV-2025-1286,CUST-0025,monsoon
24/09/2025,BEAR-6201,50,3750,online,rajshahi,INV-2025-1287,CUST-0005,monsoon
07/09/2025,BEAR-6202,31,2542,retail,chittagong,INV-2025-1288,CUST-0048,monsoon
11/09/2025,BEAR-6202,33,2706,wholesale,dhaka,INV-2025-1289,CUST-0021,monsoon
14/09/2025,BEAR-6202,24,1968,retail,sylhet,INV-2025-1290,CUST-0042,monsoon
19/09/2025,BEAR-6202,10,820,wholesale,dhaka,INV-2025-1291,CUST-0016,monsoon
25/09/2025,BEAR-6202,39,3198,wholesale,dhaka,INV-2025-1292,CUST-0002,monsoon
08/09/2025,BEAR-6301,31,2790,online,dhaka,INV-2025-1293,CUST-0012,monsoon
10/09/2025,BEAR-6301,16,1440,retail,rajshahi,INV-2025-1294,CUST-0024,monsoon
16/09/2025,BEAR-6301,30,2700,retail,dhaka,INV-2025-1295,CUST-0034,monsoon
22/09/2025,BEAR-6301,13,1170,wholesale,dhaka,INV-2025-1296,CUST-0013,monsoon
07/09/2025,CLUT-PLATE-100,2,500,online,rangpur,INV-2025-1297,CUST-0007,monsoon
11/09/2025,CLUT-PLATE-100,2,500,retail,dhaka,INV-2025-1298,CUST-0006,monsoon
17/09/2025,CLUT-PLATE-100,7,1750,online,sylhet,INV-2025-1299,CUST-0012,monsoon
26/09/2025,CLUT-PLATE-100,6,1500,retail,chittagong,INV-2025-1300,CUST-0031,monsoon
05/09/2025,CLUT-PLATE-125,2,580,retail,rajshahi,INV-2025-1301,CUST-0015,monsoon
12/09/2025,CLUT-PLATE-125,4,1160,online,khulna,INV-2025-1302,CUST-0007,monsoon
20/09/2025,CLUT-PLATE-125,1,290,retail,chittagong,INV-2025-1303,CUST-0024,monsoon
26/09/2025,CLUT-PLATE-125,5,1450,wholesale,dhaka,INV-2025-1304,CUST-0034,monsoon
05/09/2025,ENGN-OIL-10W30,26,8320,wholesale,dhaka,INV-2025-1305,CUST-0044,monsoon
10/09/2025,ENGN-OIL-10W30,15,4800,wholesale,barishal,INV-2025-1306,CUST-0005,monsoon
14/09/2025,ENGN-OIL-10W30,1,320,retail,barishal,INV-2025-1307,CUST-0031,monsoon
18/09/2025,ENGN-OIL-10W30,9,2880,retail,chittagong,INV-2025-1308,CUST-0013,monsoon
24/09/2025,ENGN-OIL-10W30,13,4160,wholesale,chittagong,INV-2025-1309,CUST-0038,monsoon
11/09/2025,ENGN-OIL-20W40,9,3150,retail,dhaka,INV-2025-1310,CUST-0007,monsoon
20/09/2025,ENGN-OIL-20W40,38,13300,retail,dhaka,INV-2025-1311,CUST-0007,monsoon
09/09/2025,FORK-SEAL-100,4,480,retail,rajshahi,INV-2025-1312,CUST-0021,monsoon
13/09/2025,FORK-SEAL-100,8,960,online,dhaka,INV-2025-1313,CUST-0018,monsoon
21/09/2025,FORK-SEAL-100,8,960,retail,rangpur,INV-2025-1314,CUST-0042,monsoon
07/09/2025,SHCK-REAR-100,3,2340,wholesale,sylhet,INV-2025-1315,CUST-0036,monsoon
14/09/2025,SHCK-REAR-100,3,2340,wholesale,dhaka,INV-2025-1316,CUST-0009,monsoon
20/09/2025,SHCK-REAR-100,1,780,retail,rajshahi,INV-2025-1317,CUST-0024,monsoon
22/09/2025,SHCK-REAR-100,1,780,wholesale,dhaka,INV-2025-1318,CUST-0034,monsoon
07/09/2025,HEAD-LED-H4,2,1040,wholesale,khulna,INV-2025-1319,CUST-0027,monsoon
13/09/2025,HEAD-LED-H4,4,2080,retail,rajshahi,INV-2025-1320,CUST-0029,monsoon
16/09/2025,HEAD-LED-H4,4,2080,online,dhaka,INV-2025-1321,CUST-0009,monsoon
24/09/2025,HEAD-LED-H4,2,1040,retail,chittagong,INV-2025-1322,CUST-0022,monsoon
06/09/2025,HEAD-HALO-H4,4,960,retail,chittagong,INV-2025-1323,CUST-0040,monsoon
14/09/2025,HEAD-HALO-H4,3,720,online,barishal,INV-2025-1324,CUST-0045,monsoon
18/09/2025,HEAD-HALO-H4,5,1200,retail,chittagong,INV-2025-1325,CUST-0009,monsoon
23/09/2025,HEAD-HALO-H4,8,1920,retail,rangpur,INV-2025-1326,CUST-0003,monsoon
05/09/2025,TAIL-UNIV-A,6,1170,retail,khulna,INV-2025-1327,CUST-0001,monsoon
11/09/2025,TAIL-UNIV-A,3,585,retail,dhaka,INV-2025-1328,CUST-0034,monsoon
16/09/2025,TAIL-UNIV-A,10,1950,wholesale,dhaka,INV-2025-1329,CUST-0036,monsoon
24/09/2025,TAIL-UNIV-A,3,585,wholesale,rajshahi,INV-2025-1330,CUST-0019,monsoon
04/09/2025,MIRR-ROUND-10,7,546,retail,sylhet,INV-2025-1331,CUST-0001,monsoon
11/09/2025,MIRR-ROUND-10,11,858,wholesale,dhaka,INV-2025-1332,CUST-0048,monsoon
16/09/2025,MIRR-ROUND-10,12,936,online,rajshahi,INV-2025-1333,CUST-0019,monsoon
21/09/2025,MIRR-ROUND-10,2,156,online,dhaka,INV-2025-1334,CUST-0034,monsoon
25/09/2025,MIRR-ROUND-10,16,1248,wholesale,dhaka,INV-2025-1335,CUST-0046,monsoon
08/09/2025,HDLB-RAISED-22,8,2320,retail,dhaka,INV-2025-1336,CUST-0042,monsoon
19/09/2025,HDLB-RAISED-22,2,580,retail,dhaka,INV-2025-1337,CUST-0006,monsoon
11/09/2025,SEAT-COMM-100,4,1400,retail,chittagong,INV-2025-1338,CUST-0036,monsoon
20/09/2025,SEAT-COMM-100,3,1050,retail,chittagong,INV-2025-1339,CUST-0011,monsoon
06/09/2025,TANK-FUEL-10L,1,1550,retail,sylhet,INV-2025-1340,CUST-0025,monsoon
10/09/2025,TANK-FUEL-10L,1,1550,wholesale,dhaka,INV-2025-1341,CUST-0003,monsoon
15/09/2025,TANK-FUEL-10L,1,1550,wholesale,dhaka,INV-2025-1342,CUST-0033,monsoon
20/09/2025,TANK-FUEL-10L,1,1550,online,khulna,INV-2025-1343,CUST-0048,monsoon
27/09/2025,TANK-FUEL-10L,1,1550,online,chittagong,INV-2025-1344,CUST-0036,monsoon
09/09/2025,EXHS-BAJ-100,3,2160,wholesale,rangpur,INV-2025-1345,CUST-0012,monsoon
21/09/2025,EXHS-BAJ-100,3,2160,wholesale,dhaka,INV-2025-1346,CUST-0013,monsoon
05/09/2025,CARB-KEI-VM17,1,1200,wholesale,dhaka,INV-2025-1347,CUST-0037,monsoon
15/09/2025,CARB-KEI-VM17,1,1200,retail,barishal,INV-2025-1348,CUST-0027,monsoon
21/09/2025,CARB-KEI-VM17,2,2400,online,barishal,INV-2025-1349,CUST-0047,monsoon
08/10/2025,PIST-BAJ-100,16,9280,retail,dhaka,INV-2025-1350,CUST-0016,pre_winter
11/10/2025,PIST-BAJ-100,15,8700,online,rajshahi,INV-2025-1351,CUST-0035,pre_winter
17/10/2025,PIST-BAJ-100,16,9280,wholesale,dhaka,INV-2025-1352,CUST-0020,pre_winter
23/10/2025,PIST-BAJ-100,6,3480,retail,dhaka,INV-2025-1353,CUST-0047,pre_winter
05/10/2025,PIST-BAJ-150,2,1640,retail,dhaka,INV-2025-1354,CUST-0038,pre_winter
12/10/2025,PIST-BAJ-150,9,7380,retail,chittagong,INV-2025-1355,CUST-0012,pre_winter
16/10/2025,PIST-BAJ-150,4,3280,retail,chittagong,INV-2025-1356,CUST-0022,pre_winter
22/10/2025,PIST-BAJ-150,11,9020,online,dhaka,INV-2025-1357,CUST-0030,pre_winter
23/10/2025,PIST-BAJ-150,6,4920,online,rajshahi,INV-2025-1358,CUST-0047,pre_winter
07/10/2025,PIST-HERO-100,13,6630,wholesale,khulna,INV-2025-1359,CUST-0007,pre_winter
09/10/2025,PIST-HERO-100,15,7650,retail,dhaka,INV-2025-1360,CUST-0047,pre_winter
14/10/2025,PIST-HERO-100,2,1020,online,rajshahi,INV-2025-1361,CUST-0036,pre_winter
19/10/2025,PIST-HERO-100,17,8670,retail,dhaka,INV-2025-1362,CUST-0003,pre_winter
23/10/2025,PIST-HERO-100,17,8670,wholesale,dhaka,INV-2025-1363,CUST-0039,pre_winter
07/10/2025,PIST-HONDA-125,11,7040,retail,dhaka,INV-2025-1364,CUST-0049,pre_winter
10/10/2025,PIST-HONDA-125,11,7040,wholesale,rajshahi,INV-2025-1365,CUST-0003,pre_winter
14/10/2025,PIST-HONDA-125,13,8320,retail,dhaka,INV-2025-1366,CUST-0020,pre_winter
19/10/2025,PIST-HONDA-125,7,4480,retail,dhaka,INV-2025-1367,CUST-0006,pre_winter
27/10/2025,PIST-HONDA-125,4,2560,online,khulna,INV-2025-1368,CUST-0037,pre_winter
03/10/2025,GASK-BAJ-100,3,720,wholesale,rajshahi,INV-2025-1369,CUST-0038,pre_winter
08/10/2025,GASK-BAJ-100,33,7920,wholesale,rajshahi,INV-2025-1370,CUST-0006,pre_winter
14/10/2025,GASK-BAJ-100,7,1680,retail,dhaka,INV-2025-1371,CUST-0042,pre_winter
22/10/2025,GASK-BAJ-100,8,1920,wholesale,khulna,INV-2025-1372,CUST-0004,pre_winter
24/10/2025,GASK-BAJ-100,29,6960,retail,sylhet,INV-2025-1373,CUST-0001,pre_winter
03/10/2025,GASK-UNIV-125,3,870,online,dhaka,INV-2025-1374,CUST-0045,pre_winter
09/10/2025,GASK-UNIV-125,21,6090,retail,rangpur,INV-2025-1375,CUST-0049,pre_winter
14/10/2025,GASK-UNIV-125,16,4640,retail,sylhet,INV-2025-1376,CUST-0039,pre_winter
18/10/2025,GASK-UNIV-125,18,5220,wholesale,rajshahi,INV-2025-1377,CUST-0008,pre_winter
24/10/2025,GASK-UNIV-125,4,1160,retail,dhaka,INV-2025-1378,CUST-0009,pre_winter
11/10/2025,CHAIN-428H,4,1400,wholesale,rajshahi,INV-2025-1379,CUST-0034,pre_winter
19/10/2025,CHAIN-428H,23,8050,online,rajshahi,INV-2025-1380,CUST-0013,pre_winter
07/10/2025,CHAIN-420,1,230,retail,dhaka,INV-2025-1381,CUST-0042,pre_winter
14/10/2025,CHAIN-420,23,5290,wholesale,khulna,INV-2025-1382,CUST-0050,pre_winter
25/10/2025,CHAIN-420,17,3910,retail,chittagong,INV-2025-1383,CUST-0019,pre_winter
11/10/2025,FILT-OIL-100,35,3325,retail,dhaka,INV-2025-1384,CUST-0001,pre_winter
22/10/2025,FILT-OIL-100,96,9120,retail,chittagong,INV-2025-1385,CUST-0009,pre_winter
06/10/2025,FILT-OIL-125,26,2860,wholesale,khulna,INV-2025-1386,CUST-0001,pre_winter
12/10/2025,FILT-OIL-125,1,110,retail,khulna,INV-2025-1387,CUST-0043,pre_winter
19/10/2025,FILT-OIL-125,57,6270,retail,chittagong,INV-2025-1388,CUST-0050,pre_winter
22/10/2025,FILT-OIL-125,13,1430,retail,sylhet,INV-2025-1389,CUST-0002,pre_winter
07/10/2025,FILT-AIR-100,93,7626,retail,chittagong,INV-2025-1390,CUST-0049,pre_winter
17/10/2025,FILT-AIR-100,12,984,retail,barishal,INV-2025-1391,CUST-0002,pre_winter
23/10/2025,FILT-AIR-100,26,2132,retail,dhaka,INV-2025-1392,CUST-0048,pre_winter
08/10/2025,FILT-AIR-125,24,2160,wholesale,dhaka,INV-2025-1393,CUST-0031,pre_winter
21/10/2025,FILT-AIR-125,81,7290,retail,dhaka,INV-2025-1394,CUST-0004,pre_winter
08/10/2025,BRKE-PAD-DISC,17,2975,wholesale,chittagong,INV-2025-1395,CUST-0027,pre_winter
21/10/2025,BRKE-PAD-DISC,27,4725,retail,dhaka,INV-2025-1396,CUST-0019,pre_winter
09/10/2025,BRKE-PAD-DRUM,38,5130,wholesale,dhaka,INV-2025-1397,CUST-0019,pre_winter
18/10/2025,BRKE-PAD-DRUM,29,3915,retail,dhaka,INV-2025-1398,CUST-0002,pre_winter
07/10/2025,TIRE-100-18,5,5500,online,sylhet,INV-2025-1399,CUST-0024,pre_winter
08/10/2025,TIRE-100-18,3,3300,wholesale,dhaka,INV-2025-1400,CUST-0016,pre_winter
15/10/2025,TIRE-100-18,3,3300,wholesale,dhaka,INV-2025-1401,CUST-0009,pre_winter
21/10/2025,TIRE-100-18,2,2200,retail,khulna,INV-2025-1402,CUST-0028,pre_winter
27/10/2025,TIRE-100-18,2,2200,retail,dhaka,INV-2025-1403,CUST-0004,pre_winter
11/10/2025,TIRE-100-17,12,11760,retail,dhaka,INV-2025-1404,CUST-0018,pre_winter
22/10/2025,TIRE-100-17,8,7840,retail,rajshahi,INV-2025-1405,CUST-0011,pre_winter
10/10/2025,TIRE-125-18,5,6750,wholesale,dhaka,INV-2025-1406,CUST-0047,pre_winter
21/10/2025,TIRE-125-18,4,5400,retail,dhaka,INV-2025-1407,CUST-0004,pre_winter
05/10/2025,BATT-12V7A,11,16500,online,dhaka,INV-2025-1408,CUST-0019,pre_winter
16/10/2025,BATT-12V7A,9,13500,wholesale,dhaka,INV-2025-1409,CUST-0018,pre_winter
22/10/2025,BATT-12V7A,2,3000,retail,chittagong,INV-2025-1410,CUST-0026,pre_winter
09/10/2025,BATT-12V9A,1,1750,retail,chittagong,INV-2025-1411,CUST-0017,pre_winter
15/10/2025,BATT-12V9A,10,17500,retail,chittagong,INV-2025-1412,CUST-0036,pre_winter
24/10/2025,BATT-12V9A,2,3500,retail,dhaka,INV-2025-1413,CUST-0043,pre_winter
08/10/2025,SPRK-NGK-C4HSA,76,9880,retail,barishal,INV-2025-1414,CUST-0010,pre_winter
15/10/2025,SPRK-NGK-C4HSA,20,2600,wholesale,dhaka,INV-2025-1415,CUST-0034,pre_winter
24/10/2025,SPRK-NGK-C4HSA,102,13260,retail,dhaka,INV-2025-1416,CUST-0031,pre_winter
11/10/2025,SPRK-NGK-BPR6ES,74,10730,retail,dhaka,INV-2025-1417,CUST-0038,pre_winter
18/10/2025,SPRK-NGK-BPR6ES,30,4350,retail,dhaka,INV-2025-1418,CUST-0008,pre_winter
07/10/2025,CABL-CLUTCH-100,14,1750,wholesale,khulna,INV-2025-1419,CUST-0045,pre_winter
09/10/2025,CABL-CLUTCH-100,3,375,wholesale,khulna,INV-2025-1420,CUST-0018,pre_winter
17/10/2025,CABL-CLUTCH-100,5,625,retail,chittagong,INV-2025-1421,CUST-0043,pre_winter
22/10/2025,CABL-CLUTCH-100,1,125,retail,mymensingh,INV-2025-1422,CUST-0012,pre_winter
23/10/2025,CABL-CLUTCH-100,14,1750,wholesale,dhaka,INV-2025-1423,CUST-0033,pre_winter
05/10/2025,CABL-THROT-100,10,1080,wholesale,chittagong,INV-2025-1424,CUST-0027,pre_winter
10/10/2025,CABL-THROT-100,9,972,wholesale,dhaka,INV-2025-1425,CUST-0019,pre_winter
17/10/2025,CABL-THROT-100,8,864,online,dhaka,INV-2025-1426,CUST-0007,pre_winter
25/10/2025,CABL-THROT-100,15,1620,retail,dhaka,INV-2025-1427,CUST-0004,pre_winter
05/10/2025,CABL-SPED-100,4,380,wholesale,dhaka,INV-2025-1428,CUST-0008,pre_winter
14/10/2025,CABL-SPED-100,12,1140,retail,mymensingh,INV-2025-1429,CUST-0001,pre_winter
20/10/2025,CABL-SPED-100,11,1045,wholesale,dhaka,INV-2025-1430,CUST-0017,pre_winter
26/10/2025,CABL-SPED-100,7,665,retail,dhaka,INV-2025-1431,CUST-0043,pre_winter
06/10/2025,BEAR-6201,50,3750,wholesale,chittagong,INV-2025-1432,CUST-0043,pre_winter
13/10/2025,BEAR-6201,55,4125,retail,sylhet,INV-2025-1433,CUST-0043,pre_winter
21/10/2025,BEAR-6201,89,6675,retail,sylhet,INV-2025-1434,CUST-0035,pre_winter
12/10/2025,BEAR-6202,53,4346,wholesale,chittagong,INV-2025-1435,CUST-0050,pre_winter
22/10/2025,BEAR-6202,153,12546,online,chittagong,INV-2025-1436,CUST-0008,pre_winter
07/10/2025,BEAR-6301,27,2430,retail,barishal,INV-2025-1437,CUST-0009,pre_winter
08/10/2025,BEAR-6301,20,1800,retail,dhaka,INV-2025-1438,CUST-0023,pre_winter
13/10/2025,BEAR-6301,15,1350,wholesale,chittagong,INV-2025-1439,CUST-0015,pre_winter
22/10/2025,BEAR-6301,17,1530,retail,chittagong,INV-2025-1440,CUST-0033,pre_winter
26/10/2025,BEAR-6301,27,2430,online,dhaka,INV-2025-1441,CUST-0035,pre_winter
11/10/2025,CLUT-PLATE-100,20,5000,retail,chittagong,INV-2025-1442,CUST-0012,pre_winter
20/10/2025,CLUT-PLATE-100,4,1000,retail,khulna,INV-2025-1443,CUST-0006,pre_winter
05/10/2025,CLUT-PLATE-125,1,290,retail,barishal,INV-2025-1444,CUST-0047,pre_winter
09/10/2025,CLUT-PLATE-125,6,1740,wholesale,rajshahi,INV-2025-1445,CUST-0043,pre_winter
17/10/2025,CLUT-PLATE-125,1,290,retail,rangpur,INV-2025-1446,CUST-0041,pre_winter
21/10/2025,CLUT-PLATE-125,2,580,retail,dhaka,INV-2025-1447,CUST-0023,pre_winter
27/10/2025,CLUT-PLATE-125,8,2320,retail,dhaka,INV-2025-1448,CUST-0006,pre_winter
05/10/2025,ENGN-OIL-10W30,6,1920,retail,rajshahi,INV-2025-1449,CUST-0050,pre_winter
12/10/2025,ENGN-OIL-10W30,24,7680,wholesale,rangpur,INV-2025-1450,CUST-0043,pre_winter
17/10/2025,ENGN-OIL-10W30,28,8960,retail,sylhet,INV-2025-1451,CUST-0019,pre_winter
19/10/2025,ENGN-OIL-10W30,33,10560,online,sylhet,INV-2025-1452,CUST-0027,pre_winter
25/10/2025,ENGN-OIL-10W30,14,4480,retail,rajshahi,INV-2025-1453,CUST-0040,pre_winter
08/10/2025,ENGN-OIL-20W40,24,8400,retail,dhaka,INV-2025-1454,CUST-0010,pre_winter
17/10/2025,ENGN-OIL-20W40,32,11200,retail,chittagong,INV-2025-1455,CUST-0010,pre_winter
23/10/2025,ENGN-OIL-20W40,14,4900,online,dhaka,INV-2025-1456,CUST-0038,pre_winter
05/10/2025,FORK-SEAL-100,3,360,retail,dhaka,INV-2025-1457,CUST-0028,pre_winter
12/10/2025,FORK-SEAL-100,5,600,retail,dhaka,INV-2025-1458,CUST-0031,pre_winter
16/10/2025,FORK-SEAL-100,1,120,online,dhaka,INV-2025-1459,CUST-0034,pre_winter
22/10/2025,FORK-SEAL-100,12,1440,wholesale,chittagong,INV-2025-1460,CUST-0028,pre_winter
27/10/2025,FORK-SEAL-100,12,1440,wholesale,dhaka,INV-2025-1461,CUST-0006,pre_winter
06/10/2025,SHCK-REAR-100,4,3120,retail,sylhet,INV-2025-1462,CUST-0014,pre_winter
15/10/2025,SHCK-REAR-100,1,780,retail,rajshahi,INV-2025-1463,CUST-0014,pre_winter
25/10/2025,SHCK-REAR-100,4,3120,retail,chittagong,INV-2025-1464,CUST-0001,pre_winter
05/10/2025,HEAD-LED-H4,1,520,wholesale,rajshahi,INV-2025-1465,CUST-0011,pre_winter
16/10/2025,HEAD-LED-H4,5,2600,online,dhaka,INV-2025-1466,CUST-0049,pre_winter
23/10/2025,HEAD-LED-H4,10,5200,retail,dhaka,INV-2025-1467,CUST-0008,pre_winter
07/10/2025,HEAD-HALO-H4,9,2160,retail,rajshahi,INV-2025-1468,CUST-0048,pre_winter
11/10/2025,HEAD-HALO-H4,1,240,wholesale,dhaka,INV-2025-1469,CUST-0045,pre_winter
16/10/2025,HEAD-HALO-H4,6,1440,wholesale,dhaka,INV-2025-1470,CUST-0049,pre_winter
18/10/2025,HEAD-HALO-H4,8,1920,retail,chittagong,INV-2025-1471,CUST-0035,pre_winter
26/10/2025,HEAD-HALO-H4,1,240,wholesale,rangpur,INV-2025-1472,CUST-0026,pre_winter
09/10/2025,TAIL-UNIV-A,8,1560,wholesale,khulna,INV-2025-1473,CUST-0026,pre_winter
13/10/2025,TAIL-UNIV-A,6,1170,online,sylhet,INV-2025-1474,CUST-0035,pre_winter
22/10/2025,TAIL-UNIV-A,22,4290,wholesale,chittagong,INV-2025-1475,CUST-0040,pre_winter
09/10/2025,MIRR-ROUND-10,28,2184,retail,rangpur,INV-2025-1476,CUST-0020,pre_winter
16/10/2025,MIRR-ROUND-10,23,1794,online,sylhet,INV-2025-1477,CUST-0021,pre_winter
23/10/2025,MIRR-ROUND-10,28,2184,retail,dhaka,INV-2025-1478,CUST-0021,pre_winter
12/10/2025,HDLB-RAISED-22,2,580,wholesale,dhaka,INV-2025-1479,CUST-0031,pre_winter
19/10/2025,HDLB-RAISED-22,14,4060,retail,mymensingh,INV-2025-1480,CUST-0025,pre_winter
08/10/2025,SEAT-COMM-100,12,4200,retail,sylhet,INV-2025-1481,CUST-0039,pre_winter
21/10/2025,SEAT-COMM-100,2,700,wholesale,chittagong,INV-2025-1482,CUST-0026,pre_winter
06/10/2025,TANK-FUEL-10L,1,1550,retail,dhaka,INV-2025-1483,CUST-0002,pre_winter
12/10/2025,TANK-FUEL-10L,2,3100,wholesale,chittagong,INV-2025-1484,CUST-0020,pre_winter
20/10/2025,TANK-FUEL-10L,1,1550,retail,khulna,INV-2025-1485,CUST-0038,pre_winter
22/10/2025,TANK-FUEL-10L,1,1550,retail,dhaka,INV-2025-1486,CUST-0025,pre_winter
07/10/2025,EXHS-BAJ-100,3,2160,retail,rajshahi,INV-2025-1487,CUST-0001,pre_winter
13/10/2025,EXHS-BAJ-100,3,2160,online,khulna,INV-2025-1488,CUST-0021,pre_winter
16/10/2025,EXHS-BAJ-100,2,1440,retail,chittagong,INV-2025-1489,CUST-0049,pre_winter
24/10/2025,EXHS-BAJ-100,2,1440,wholesale,chittagong,INV-2025-1490,CUST-0002,pre_winter
08/10/2025,CARB-KEI-VM17,2,2400,wholesale,dhaka,INV-2025-1491,CUST-0017,pre_winter
10/10/2025,CARB-KEI-VM17,2,2400,online,rajshahi,INV-2025-1492,CUST-0009,pre_winter
19/10/2025,CARB-KEI-VM17,1,1200,retail,khulna,INV-2025-1493,CUST-0027,pre_winter
23/10/2025,CARB-KEI-VM17,1,1200,retail,dhaka,INV-2025-1494,CUST-0007,pre_winter
05/11/2025,PIST-BAJ-100,19,11020,retail,dhaka,INV-2025-1495,CUST-0049,winter
11/11/2025,PIST-BAJ-100,11,6380,retail,rajshahi,INV-2025-1496,CUST-0031,winter
16/11/2025,PIST-BAJ-100,28,16240,retail,sylhet,INV-2025-1497,CUST-0026,winter
23/11/2025,PIST-BAJ-100,1,580,retail,dhaka,INV-2025-1498,CUST-0005,winter
08/11/2025,PIST-BAJ-150,7,5740,online,dhaka,INV-2025-1499,CUST-0033,winter
18/11/2025,PIST-BAJ-150,25,20500,retail,khulna,INV-2025-1500,CUST-0034,winter
12/11/2025,PIST-HERO-100,1,510,wholesale,dhaka,INV-2025-1501,CUST-0026,winter
18/11/2025,PIST-HERO-100,82,41820,retail,chittagong,INV-2025-1502,CUST-0036,winter
10/11/2025,PIST-HONDA-125,9,5760,online,rangpur,INV-2025-1503,CUST-0018,winter
21/11/2025,PIST-HONDA-125,32,20480,online,chittagong,INV-2025-1504,CUST-0027,winter
06/11/2025,GASK-BAJ-100,54,12960,retail,chittagong,INV-2025-1505,CUST-0049,winter
13/11/2025,GASK-BAJ-100,35,8400,retail,barishal,INV-2025-1506,CUST-0028,winter
21/11/2025,GASK-BAJ-100,12,2880,wholesale,dhaka,INV-2025-1507,CUST-0025,winter
09/11/2025,GASK-UNIV-125,41,11890,online,mymensingh,INV-2025-1508,CUST-0012,winter
20/11/2025,GASK-UNIV-125,32,9280,retail,dhaka,INV-2025-1509,CUST-0036,winter
07/11/2025,CHAIN-428H,8,2800,retail,sylhet,INV-2025-1510,CUST-0020,winter
13/11/2025,CHAIN-428H,14,4900,retail,sylhet,INV-2025-1511,CUST-0030,winter
20/11/2025,CHAIN-428H,6,2100,retail,dhaka,INV-2025-1512,CUST-0013,winter
09/11/2025,CHAIN-420,5,1150,wholesale,dhaka,INV-2025-1513,CUST-0049,winter
21/11/2025,CHAIN-420,39,8970,online,rajshahi,INV-2025-1514,CUST-0044,winter
11/11/2025,FILT-OIL-100,60,5700,retail,dhaka,INV-2025-1515,CUST-0042,winter
19/11/2025,FILT-OIL-100,119,11305,retail,sylhet,INV-2025-1516,CUST-0011,winter
07/11/2025,FILT-OIL-125,25,2750,wholesale,rangpur,INV-2025-1517,CUST-0017,winter
08/11/2025,FILT-OIL-125,30,3300,wholesale,dhaka,INV-2025-1518,CUST-0003,winter
13/11/2025,FILT-OIL-125,33,3630,online,dhaka,INV-2025-1519,CUST-0015,winter
22/11/2025,FILT-OIL-125,13,1430,wholesale,dhaka,INV-2025-1520,CUST-0010,winter
26/11/2025,FILT-OIL-125,1,110,online,dhaka,INV-2025-1521,CUST-0022,winter
08/11/2025,FILT-AIR-100,1,82,retail,chittagong,INV-2025-1522,CUST-0005,winter
10/11/2025,FILT-AIR-100,50,4100,retail,khulna,INV-2025-1523,CUST-0012,winter
19/11/2025,FILT-AIR-100,50,4100,retail,dhaka,INV-2025-1524,CUST-0043,winter
25/11/2025,FILT-AIR-100,46,3772,retail,rangpur,INV-2025-1525,CUST-0028,winter
08/11/2025,FILT-AIR-125,31,2790,wholesale,dhaka,INV-2025-1526,CUST-0036,winter
17/11/2025,FILT-AIR-125,34,3060,wholesale,dhaka,INV-2025-1527,CUST-0042,winter
24/11/2025,FILT-AIR-125,26,2340,wholesale,rajshahi,INV-2025-1528,CUST-0043,winter
12/11/2025,BRKE-PAD-DISC,12,2100,online,sylhet,INV-2025-1529,CUST-0048,winter
22/11/2025,BRKE-PAD-DISC,38,6650,wholesale,dhaka,INV-2025-1530,CUST-0038,winter
07/11/2025,BRKE-PAD-DRUM,28,3780,retail,chittagong,INV-2025-1531,CUST-0031,winter
15/11/2025,BRKE-PAD-DRUM,24,3240,wholesale,dhaka,INV-2025-1532,CUST-0044,winter
23/11/2025,BRKE-PAD-DRUM,19,2565,retail,dhaka,INV-2025-1533,CUST-0003,winter
04/11/2025,TIRE-100-18,7,7700,wholesale,dhaka,INV-2025-1534,CUST-0007,winter
12/11/2025,TIRE-100-18,2,2200,retail,dhaka,INV-2025-1535,CUST-0042,winter
16/11/2025,TIRE-100-18,1,1100,retail,sylhet,INV-2025-1536,CUST-0026,winter
19/11/2025,TIRE-100-18,2,2200,retail,barishal,INV-2025-1537,CUST-0037,winter
27/11/2025,TIRE-100-18,5,5500,retail,dhaka,INV-2025-1538,CUST-0033,winter
06/11/2025,TIRE-100-17,4,3920,retail,barishal,INV-2025-1539,CUST-0045,winter
14/11/2025,TIRE-100-17,2,1960,retail,chittagong,INV-2025-1540,CUST-0025,winter
21/11/2025,TIRE-100-17,16,15680,online,dhaka,INV-2025-1541,CUST-0033,winter
03/11/2025,TIRE-125-18,4,5400,retail,dhaka,INV-2025-1542,CUST-0016,winter
10/11/2025,TIRE-125-18,1,1350,retail,sylhet,INV-2025-1543,CUST-0033,winter
13/11/2025,TIRE-125-18,3,4050,wholesale,rajshahi,INV-2025-1544,CUST-0018,winter
19/11/2025,TIRE-125-18,3,4050,wholesale,chittagong,INV-2025-1545,CUST-0036,winter
27/11/2025,TIRE-125-18,1,1350,retail,sylhet,INV-2025-1546,CUST-0020,winter
04/11/2025,BATT-12V7A,10,15000,wholesale,dhaka,INV-2025-1547,CUST-0018,winter
13/11/2025,BATT-12V7A,10,15000,online,rangpur,INV-2025-1548,CUST-0038,winter
19/11/2025,BATT-12V7A,1,1500,wholesale,dhaka,INV-2025-1549,CUST-0022,winter
23/11/2025,BATT-12V7A,2,3000,wholesale,dhaka,INV-2025-1550,CUST-0028,winter
03/11/2025,BATT-12V9A,3,5250,wholesale,khulna,INV-2025-1551,CUST-0007,winter
08/11/2025,BATT-12V9A,1,1750,wholesale,dhaka,INV-2025-1552,CUST-0038,winter
14/11/2025,BATT-12V9A,1,1750,wholesale,dhaka,INV-2025-1553,CUST-0003,winter
20/11/2025,BATT-12V9A,5,8750,retail,chittagong,INV-2025-1554,CUST-0050,winter
23/11/2025,BATT-12V9A,7,12250,retail,chittagong,INV-2025-1555,CUST-0027,winter
07/11/2025,SPRK-NGK-C4HSA,50,6500,retail,chittagong,INV-2025-1556,CUST-0015,winter
11/11/2025,SPRK-NGK-C4HSA,34,4420,wholesale,chittagong,INV-2025-1557,CUST-0034,winter
19/11/2025,SPRK-NGK-C4HSA,66,8580,wholesale,barishal,INV-2025-1558,CUST-0031,winter
26/11/2025,SPRK-NGK-C4HSA,51,6630,wholesale,chittagong,INV-2025-1559,CUST-0042,winter
12/11/2025,SPRK-NGK-BPR6ES,65,9425,retail,dhaka,INV-2025-1560,CUST-0005,winter
21/11/2025,SPRK-NGK-BPR6ES,66,9570,online,chittagong,INV-2025-1561,CUST-0002,winter
07/11/2025,CABL-CLUTCH-100,5,625,wholesale,chittagong,INV-2025-1562,CUST-0012,winter
16/11/2025,CABL-CLUTCH-100,38,4750,retail,dhaka,INV-2025-1563,CUST-0006,winter
24/11/2025,CABL-CLUTCH-100,6,750,retail,chittagong,INV-2025-1564,CUST-0037,winter
09/11/2025,CABL-THROT-100,23,2484,retail,chittagong,INV-2025-1565,CUST-0046,winter
15/11/2025,CABL-THROT-100,19,2052,wholesale,dhaka,INV-2025-1566,CUST-0032,winter
20/11/2025,CABL-THROT-100,9,972,wholesale,dhaka,INV-2025-1567,CUST-0005,winter
06/11/2025,CABL-SPED-100,6,570,retail,dhaka,INV-2025-1568,CUST-0031,winter
16/11/2025,CABL-SPED-100,13,1235,wholesale,dhaka,INV-2025-1569,CUST-0029,winter
22/11/2025,CABL-SPED-100,13,1235,wholesale,dhaka,INV-2025-1570,CUST-0017,winter
06/11/2025,BEAR-6201,43,3225,wholesale,dhaka,INV-2025-1571,CUST-0009,winter
12/11/2025,BEAR-6201,21,1575,wholesale,dhaka,INV-2025-1572,CUST-0009,winter
19/11/2025,BEAR-6201,133,9975,retail,khulna,INV-2025-1573,CUST-0001,winter
22/11/2025,BEAR-6201,56,4200,retail,rajshahi,INV-2025-1574,CUST-0047,winter
04/11/2025,BEAR-6202,24,1968,online,chittagong,INV-2025-1575,CUST-0040,winter
09/11/2025,BEAR-6202,74,6068,wholesale,dhaka,INV-2025-1576,CUST-0018,winter
15/11/2025,BEAR-6202,37,3034,retail,dhaka,INV-2025-1577,CUST-0034,winter
21/11/2025,BEAR-6202,30,2460,online,sylhet,INV-2025-1578,CUST-0034,winter
24/11/2025,BEAR-6202,6,492,wholesale,dhaka,INV-2025-1579,CUST-0046,winter
11/11/2025,BEAR-6301,32,2880,wholesale,barishal,INV-2025-1580,CUST-0024,winter
22/11/2025,BEAR-6301,98,8820,retail,dhaka,INV-2025-1581,CUST-0023,winter
08/11/2025,CLUT-PLATE-100,5,1250,retail,dhaka,INV-2025-1582,CUST-0007,winter
22/11/2025,CLUT-PLATE-100,28,7000,wholesale,mymensingh,INV-2025-1583,CUST-0021,winter
10/11/2025,CLUT-PLATE-125,18,5220,online,rangpur,INV-2025-1584,CUST-0029,winter
19/11/2025,CLUT-PLATE-125,1,290,wholesale,dhaka,INV-2025-1585,CUST-0013,winter
03/11/2025,ENGN-OIL-10W30,4,1280,wholesale,rajshahi,INV-2025-1586,CUST-0015,winter
12/11/2025,ENGN-OIL-10W30,22,7040,retail,khulna,INV-2025-1587,CUST-0037,winter
17/11/2025,ENGN-OIL-10W30,15,4800,retail,chittagong,INV-2025-1588,CUST-0036,winter
20/11/2025,ENGN-OIL-10W30,1,320,online,chittagong,INV-2025-1589,CUST-0027,winter
27/11/2025,ENGN-OIL-10W30,49,15680,wholesale,dhaka,INV-2025-1590,CUST-0018,winter
12/11/2025,ENGN-OIL-20W40,32,11200,online,barishal,INV-2025-1591,CUST-0013,winter
22/11/2025,ENGN-OIL-20W40,58,20300,wholesale,khulna,INV-2025-1592,CUST-0006,winter
09/11/2025,FORK-SEAL-100,3,360,wholesale,rajshahi,INV-2025-1593,CUST-0026,winter
20/11/2025,FORK-SEAL-100,27,3240,retail,dhaka,INV-2025-1594,CUST-0030,winter
07/11/2025,SHCK-REAR-100,5,3900,online,dhaka,INV-2025-1595,CUST-0027,winter
17/11/2025,SHCK-REAR-100,3,2340,retail,chittagong,INV-2025-1596,CUST-0018,winter
21/11/2025,SHCK-REAR-100,4,3120,retail,mymensingh,INV-2025-1597,CUST-0048,winter
07/11/2025,HEAD-LED-H4,7,3640,wholesale,chittagong,INV-2025-1598,CUST-0012,winter
15/11/2025,HEAD-LED-H4,3,1560,retail,dhaka,INV-2025-1599,CUST-0041,winter
24/11/2025,HEAD-LED-H4,8,4160,retail,rangpur,INV-2025-1600,CUST-0009,winter
04/11/2025,HEAD-HALO-H4,6,1440,retail,sylhet,INV-2025-1601,CUST-0024,winter
13/11/2025,HEAD-HALO-H4,8,1920,retail,rangpur,INV-2025-1602,CUST-0037,winter
18/11/2025,HEAD-HALO-H4,8,1920,wholesale,dhaka,INV-2025-1603,CUST-0039,winter
25/11/2025,HEAD-HALO-H4,5,1200,online,dhaka,INV-2025-1604,CUST-0050,winter
08/11/2025,TAIL-UNIV-A,16,3120,retail,dhaka,INV-2025-1605,CUST-0006,winter
22/11/2025,TAIL-UNIV-A,22,4290,retail,mymensingh,INV-2025-1606,CUST-0033,winter
09/11/2025,MIRR-ROUND-10,42,3276,wholesale,khulna,INV-2025-1607,CUST-0029,winter
20/11/2025,MIRR-ROUND-10,48,3744,retail,sylhet,INV-2025-1608,CUST-0045,winter
09/11/2025,HDLB-RAISED-22,6,1740,online,khulna,INV-2025-1609,CUST-0045,winter
20/11/2025,HDLB-RAISED-22,8,2320,wholesale,rangpur,INV-2025-1610,CUST-0001,winter
07/11/2025,SEAT-COMM-100,1,350,retail,dhaka,INV-2025-1611,CUST-0045,winter
13/11/2025,SEAT-COMM-100,7,2450,retail,barishal,INV-2025-1612,CUST-0008,winter
20/11/2025,SEAT-COMM-100,7,2450,online,dhaka,INV-2025-1613,CUST-0012,winter
04/11/2025,TANK-FUEL-10L,2,3100,retail,rangpur,INV-2025-1614,CUST-0049,winter
13/11/2025,TANK-FUEL-10L,2,3100,retail,chittagong,INV-2025-1615,CUST-0009,winter
18/11/2025,TANK-FUEL-10L,1,1550,wholesale,chittagong,INV-2025-1616,CUST-0023,winter
22/11/2025,TANK-FUEL-10L,1,1550,wholesale,rajshahi,INV-2025-1617,CUST-0024,winter
08/11/2025,EXHS-BAJ-100,4,2880,retail,dhaka,INV-2025-1618,CUST-0047,winter
15/11/2025,EXHS-BAJ-100,5,3600,wholesale,dhaka,INV-2025-1619,CUST-0038,winter
24/11/2025,EXHS-BAJ-100,1,720,retail,dhaka,INV-2025-1620,CUST-0009,winter
07/11/2025,CARB-KEI-VM17,2,2400,wholesale,chittagong,INV-2025-1621,CUST-0007,winter
13/11/2025,CARB-KEI-VM17,2,2400,online,rangpur,INV-2025-1622,CUST-0022,winter
20/11/2025,CARB-KEI-VM17,3,3600,wholesale,barishal,INV-2025-1623,CUST-0012,winter
06/12/2025,PIST-BAJ-100,9,5220,retail,dhaka,INV-2025-1624,CUST-0027,winter
11/12/2025,PIST-BAJ-100,20,11600,wholesale,rangpur,INV-2025-1625,CUST-0037,winter
16/12/2025,PIST-BAJ-100,25,14500,retail,dhaka,INV-2025-1626,CUST-0037,winter
24/12/2025,PIST-BAJ-100,19,11020,online,chittagong,INV-2025-1627,CUST-0036,winter
06/12/2025,PIST-BAJ-150,10,8200,wholesale,sylhet,INV-2025-1628,CUST-0019,winter
12/12/2025,PIST-BAJ-150,7,5740,wholesale,dhaka,INV-2025-1629,CUST-0024,winter
15/12/2025,PIST-BAJ-150,1,820,retail,khulna,INV-2025-1630,CUST-0026,winter
19/12/2025,PIST-BAJ-150,10,8200,retail,chittagong,INV-2025-1631,CUST-0011,winter
24/12/2025,PIST-BAJ-150,3,2460,retail,dhaka,INV-2025-1632,CUST-0011,winter
11/12/2025,PIST-HERO-100,23,11730,online,dhaka,INV-2025-1633,CUST-0012,winter
20/12/2025,PIST-HERO-100,66,33660,retail,dhaka,INV-2025-1634,CUST-0017,winter
12/12/2025,PIST-HONDA-125,22,14080,retail,dhaka,INV-2025-1635,CUST-0022,winter
19/12/2025,PIST-HONDA-125,23,14720,retail,khulna,INV-2025-1636,CUST-0048,winter
08/12/2025,GASK-BAJ-100,46,11040,wholesale,dhaka,INV-2025-1637,CUST-0035,winter
20/12/2025,GASK-BAJ-100,63,15120,retail,chittagong,INV-2025-1638,CUST-0017,winter
08/12/2025,GASK-UNIV-125,42,12180,retail,sylhet,INV-2025-1639,CUST-0044,winter
14/12/2025,GASK-UNIV-125,6,1740,online,dhaka,INV-2025-1640,CUST-0030,winter
22/12/2025,GASK-UNIV-125,18,5220,online,dhaka,INV-2025-1641,CUST-0037,winter
05/12/2025,CHAIN-428H,5,1750,retail,rangpur,INV-2025-1642,CUST-0043,winter
09/12/2025,CHAIN-428H,8,2800,retail,khulna,INV-2025-1643,CUST-0001,winter
16/12/2025,CHAIN-428H,3,1050,retail,barishal,INV-2025-1644,CUST-0024,winter
18/12/2025,CHAIN-428H,2,700,retail,dhaka,INV-2025-1645,CUST-0017,winter
24/12/2025,CHAIN-428H,11,3850,retail,chittagong,INV-2025-1646,CUST-0002,winter
06/12/2025,CHAIN-420,1,230,retail,dhaka,INV-2025-1647,CUST-0045,winter
14/12/2025,CHAIN-420,36,8280,retail,rangpur,INV-2025-1648,CUST-0039,winter
25/12/2025,CHAIN-420,8,1840,retail,rajshahi,INV-2025-1649,CUST-0023,winter
08/12/2025,FILT-OIL-100,70,6650,retail,chittagong,INV-2025-1650,CUST-0050,winter
20/12/2025,FILT-OIL-100,123,11685,retail,dhaka,INV-2025-1651,CUST-0035,winter
12/12/2025,FILT-OIL-125,56,6160,retail,sylhet,INV-2025-1652,CUST-0046,winter
21/12/2025,FILT-OIL-125,68,7480,retail,sylhet,INV-2025-1653,CUST-0034,winter
09/12/2025,FILT-AIR-100,61,5002,wholesale,chittagong,INV-2025-1654,CUST-0039,winter
21/12/2025,FILT-AIR-100,62,5084,retail,khulna,INV-2025-1655,CUST-0025,winter
09/12/2025,FILT-AIR-125,30,2700,retail,rangpur,INV-2025-1656,CUST-0004,winter
15/12/2025,FILT-AIR-125,35,3150,online,sylhet,INV-2025-1657,CUST-0009,winter
23/12/2025,FILT-AIR-125,53,4770,wholesale,dhaka,INV-2025-1658,CUST-0011,winter
06/12/2025,BRKE-PAD-DISC,16,2800,retail,dhaka,INV-2025-1659,CUST-0018,winter
14/12/2025,BRKE-PAD-DISC,18,3150,retail,chittagong,INV-2025-1660,CUST-0014,winter
22/12/2025,BRKE-PAD-DISC,15,2625,online,rajshahi,INV-2025-1661,CUST-0034,winter
10/12/2025,BRKE-PAD-DRUM,26,3510,retail,sylhet,INV-2025-1662,CUST-0001,winter
22/12/2025,BRKE-PAD-DRUM,58,7830,wholesale,sylhet,INV-2025-1663,CUST-0048,winter
10/12/2025,TIRE-100-18,6,6600,retail,dhaka,INV-2025-1664,CUST-0046,winter
19/12/2025,TIRE-100-18,9,9900,retail,chittagong,INV-2025-1665,CUST-0009,winter
08/12/2025,TIRE-100-17,6,5880,retail,chittagong,INV-2025-1666,CUST-0004,winter
19/12/2025,TIRE-100-17,17,16660,retail,chittagong,INV-2025-1667,CUST-0001,winter
09/12/2025,TIRE-125-18,4,5400,retail,chittagong,INV-2025-1668,CUST-0038,winter
21/12/2025,TIRE-125-18,8,10800,wholesale,dhaka,INV-2025-1669,CUST-0009,winter
08/12/2025,BATT-12V7A,11,16500,wholesale,sylhet,INV-2025-1670,CUST-0048,winter
21/12/2025,BATT-12V7A,17,25500,retail,dhaka,INV-2025-1671,CUST-0039,winter
05/12/2025,BATT-12V9A,5,8750,wholesale,khulna,INV-2025-1672,CUST-0018,winter
15/12/2025,BATT-12V9A,8,14000,retail,dhaka,INV-2025-1673,CUST-0011,winter
22/12/2025,BATT-12V9A,2,3500,retail,dhaka,INV-2025-1674,CUST-0013,winter
06/12/2025,SPRK-NGK-C4HSA,52,6760,online,rajshahi,INV-2025-1675,CUST-0006,winter
11/12/2025,SPRK-NGK-C4HSA,53,6890,wholesale,chittagong,INV-2025-1676,CUST-0024,winter
13/12/2025,SPRK-NGK-C4HSA,39,5070,retail,dhaka,INV-2025-1677,CUST-0019,winter
21/12/2025,SPRK-NGK-C4HSA,60,7800,wholesale,rajshahi,INV-2025-1678,CUST-0020,winter
24/12/2025,SPRK-NGK-C4HSA,39,5070,retail,sylhet,INV-2025-1679,CUST-0028,winter
06/12/2025,SPRK-NGK-BPR6ES,64,9280,retail,dhaka,INV-2025-1680,CUST-0039,winter
17/12/2025,SPRK-NGK-BPR6ES,56,8120,retail,dhaka,INV-2025-1681,CUST-0009,winter
24/12/2025,SPRK-NGK-BPR6ES,18,2610,retail,khulna,INV-2025-1682,CUST-0028,winter
10/12/2025,CABL-CLUTCH-100,5,625,wholesale,rajshahi,INV-2025-1683,CUST-0048,winter
19/12/2025,CABL-CLUTCH-100,51,6375,wholesale,dhaka,INV-2025-1684,CUST-0045,winter
09/12/2025,CABL-THROT-100,4,432,wholesale,rangpur,INV-2025-1685,CUST-0048,winter
16/12/2025,CABL-THROT-100,25,2700,retail,sylhet,INV-2025-1686,CUST-0041,winter
25/12/2025,CABL-THROT-100,25,2700,retail,dhaka,INV-2025-1687,CUST-0046,winter
05/12/2025,CABL-SPED-100,8,760,retail,dhaka,INV-2025-1688,CUST-0016,winter
11/12/2025,CABL-SPED-100,6,570,retail,dhaka,INV-2025-1689,CUST-0003,winter
14/12/2025,CABL-SPED-100,10,950,retail,khulna,INV-2025-1690,CUST-0006,winter
20/12/2025,CABL-SPED-100,7,665,retail,rajshahi,INV-2025-1691,CUST-0043,winter
23/12/2025,CABL-SPED-100,4,380,retail,chittagong,INV-2025-1692,CUST-0024,winter
08/12/2025,BEAR-6201,44,3300,retail,rajshahi,INV-2025-1693,CUST-0046,winter
12/12/2025,BEAR-6201,55,4125,wholesale,barishal,INV-2025-1694,CUST-0018,winter
19/12/2025,BEAR-6201,86,6450,online,rajshahi,INV-2025-1695,CUST-0041,winter
24/12/2025,BEAR-6201,109,8175,retail,dhaka,INV-2025-1696,CUST-0016,winter
06/12/2025,BEAR-6202,66,5412,retail,dhaka,INV-2025-1697,CUST-0019,winter
08/12/2025,BEAR-6202,18,1476,wholesale,dhaka,INV-2025-1698,CUST-0001,winter
16/12/2025,BEAR-6202,26,2132,online,chittagong,INV-2025-1699,CUST-0040,winter
19/12/2025,BEAR-6202,48,3936,retail,barishal,INV-2025-1700,CUST-0006,winter
25/12/2025,BEAR-6202,52,4264,retail,khulna,INV-2025-1701,CUST-0026,winter
07/12/2025,BEAR-6301,63,5670,online,dhaka,INV-2025-1702,CUST-0018,winter
11/12/2025,BEAR-6301,30,2700,retail,dhaka,INV-2025-1703,CUST-0046,winter
16/12/2025,BEAR-6301,30,2700,retail,chittagong,INV-2025-1704,CUST-0012,winter
23/12/2025,BEAR-6301,24,2160,online,dhaka,INV-2025-1705,CUST-0019,winter
07/12/2025,CLUT-PLATE-100,7,1750,retail,barishal,INV-2025-1706,CUST-0004,winter
10/12/2025,CLUT-PLATE-100,7,1750,retail,chittagong,INV-2025-1707,CUST-0043,winter
18/12/2025,CLUT-PLATE-100,3,750,retail,rajshahi,INV-2025-1708,CUST-0044,winter
24/12/2025,CLUT-PLATE-100,10,2500,retail,barishal,INV-2025-1709,CUST-0042,winter
10/12/2025,CLUT-PLATE-125,12,3480,retail,dhaka,INV-2025-1710,CUST-0024,winter
19/12/2025,CLUT-PLATE-125,12,3480,retail,rajshahi,INV-2025-1711,CUST-0036,winter
06/12/2025,ENGN-OIL-10W30,13,4160,retail,rajshahi,INV-2025-1712,CUST-0044,winter
16/12/2025,ENGN-OIL-10W30,52,16640,wholesale,sylhet,INV-2025-1713,CUST-0004,winter
25/12/2025,ENGN-OIL-10W30,42,13440,retail,dhaka,INV-2025-1714,CUST-0011,winter
10/12/2025,ENGN-OIL-20W40,60,21000,retail,dhaka,INV-2025-1715,CUST-0029,winter
19/12/2025,ENGN-OIL-20W40,35,12250,retail,dhaka,INV-2025-1716,CUST-0044,winter
05/12/2025,FORK-SEAL-100,13,1560,online,khulna,INV-2025-1717,CUST-0005,winter
15/12/2025,FORK-SEAL-100,1,120,online,dhaka,INV-2025-1718,CUST-0021,winter
22/12/2025,FORK-SEAL-100,20,2400,wholesale,sylhet,INV-2025-1719,CUST-0003,winter
07/12/2025,SHCK-REAR-100,2,1560,wholesale,chittagong,INV-2025-1720,CUST-0013,winter
14/12/2025,SHCK-REAR-100,4,3120,retail,dhaka,INV-2025-1721,CUST-0020,winter
23/12/2025,SHCK-REAR-100,4,3120,wholesale,dhaka,INV-2025-1722,CUST-0008,winter
05/12/2025,HEAD-LED-H4,9,4680,retail,barishal,INV-2025-1723,CUST-0013,winter
16/12/2025,HEAD-LED-H4,6,3120,retail,dhaka,INV-2025-1724,CUST-0046,winter
22/12/2025,HEAD-LED-H4,7,3640,wholesale,dhaka,INV-2025-1725,CUST-0012,winter
11/12/2025,HEAD-HALO-H4,24,5760,wholesale,dhaka,INV-2025-1726,CUST-0040,winter
19/12/2025,HEAD-HALO-H4,8,1920,online,dhaka,INV-2025-1727,CUST-0043,winter
08/12/2025,TAIL-UNIV-A,7,1365,wholesale,dhaka,INV-2025-1728,CUST-0039,winter
14/12/2025,TAIL-UNIV-A,7,1365,retail,dhaka,INV-2025-1729,CUST-0031,winter
25/12/2025,TAIL-UNIV-A,31,6045,wholesale,sylhet,INV-2025-1730,CUST-0015,winter
05/12/2025,MIRR-ROUND-10,19,1482,retail,dhaka,INV-2025-1731,CUST-0030,winter
16/12/2025,MIRR-ROUND-10,61,4758,retail,dhaka,INV-2025-1732,CUST-0039,winter
24/12/2025,MIRR-ROUND-10,13,1014,online,chittagong,INV-2025-1733,CUST-0049,winter
05/12/2025,HDLB-RAISED-22,13,3770,retail,dhaka,INV-2025-1734,CUST-0042,winter
16/12/2025,HDLB-RAISED-22,3,870,wholesale,khulna,INV-2025-1735,CUST-0036,winter
21/12/2025,HDLB-RAISED-22,1,290,online,dhaka,INV-2025-1736,CUST-0044,winter
08/12/2025,SEAT-COMM-100,5,1750,wholesale,khulna,INV-2025-1737,CUST-0031,winter
15/12/2025,SEAT-COMM-100,7,2450,retail,dhaka,INV-2025-1738,CUST-0017,winter
25/12/2025,SEAT-COMM-100,3,1050,retail,dhaka,INV-2025-1739,CUST-0014,winter
05/12/2025,TANK-FUEL-10L,1,1550,online,dhaka,INV-2025-1740,CUST-0023,winter
13/12/2025,TANK-FUEL-10L,1,1550,wholesale,chittagong,INV-2025-1741,CUST-0048,winter
25/12/2025,TANK-FUEL-10L,5,7750,wholesale,chittagong,INV-2025-1742,CUST-0043,winter
08/12/2025,EXHS-BAJ-100,1,720,retail,mymensingh,INV-2025-1743,CUST-0024,winter
14/12/2025,EXHS-BAJ-100,7,5040,online,sylhet,INV-2025-1744,CUST-0016,winter
25/12/2025,EXHS-BAJ-100,3,2160,wholesale,khulna,INV-2025-1745,CUST-0047,winter
08/12/2025,CARB-KEI-VM17,1,1200,retail,dhaka,INV-2025-1746,CUST-0032,winter
16/12/2025,CARB-KEI-VM17,3,3600,retail,sylhet,INV-2025-1747,CUST-0036,winter
23/12/2025,CARB-KEI-VM17,3,3600,wholesale,rangpur,INV-2025-1748,CUST-0042,winter
